{"metadata":{},"options":{"assumptions":{},"compact":false,"sourceMaps":true,"ast":true,"babelrc":false,"configFile":false,"parserOpts":{"sourceType":"module","sourceFileName":"C:\\Users\\andrejs\\Documents\\99_LU\\viziquer\\git\\viziquer-dss\\packages\\mizzao:timesync\\timesync-server.js","plugins":["*","flow","jsx","asyncGenerators","bigInt","classPrivateMethods","classPrivateProperties","classProperties","doExpressions","dynamicImport","exportDefaultFrom","exportExtensions","exportNamespaceFrom","functionBind","functionSent","importMeta","nullishCoalescingOperator","numericSeparator","objectRestSpread","optionalCatchBinding","optionalChaining",["pipelineOperator",{"proposal":"minimal"}],"throwExpressions","objectRestSpread","objectRestSpread","asyncGenerators","classProperties","classPrivateProperties","jsx","nullishCoalescingOperator","nullishCoalescingOperator","optionalChaining","optionalChaining","optionalCatchBinding","optionalCatchBinding","classProperties","classPrivateProperties","classPrivateMethods","classProperties","classPrivateProperties","asyncGenerators","asyncGenerators","objectRestSpread","objectRestSpread"],"allowImportExportEverywhere":true,"allowReturnOutsideFunction":true,"allowUndeclaredExports":true,"strictMode":false},"caller":{"name":"meteor","arch":"os.windows.x86_64"},"sourceFileName":"packages/mizzao:timesync/timesync-server.js","filename":"C:\\Users\\andrejs\\Documents\\99_LU\\viziquer\\git\\viziquer-dss\\packages\\mizzao:timesync\\timesync-server.js","targets":{},"cloneInputAst":true,"browserslistConfigFile":false,"passPerPreset":false,"envName":"development","cwd":"C:\\Users\\andrejs\\Documents\\99_LU\\viziquer\\git\\viziquer-dss","root":"C:\\Users\\andrejs\\Documents\\99_LU\\viziquer\\git\\viziquer-dss","rootMode":"root","plugins":[{"key":"base$0","visitor":{"_exploded":true,"_verified":true},"options":{}},{"key":"base$0$0","visitor":{"Program":{"enter":[null],"exit":[null]},"_exploded":true,"_verified":true},"options":{"avoidModernSyntax":false,"enforceStrictMode":false,"dynamicImport":true,"generateLetDeclarations":true}},{"key":"transform-runtime","visitor":{"MemberExpression":{"enter":[null]},"ObjectPattern":{"enter":[null]},"BinaryExpression":{"enter":[null]},"_exploded":{},"_verified":{},"Identifier":{"enter":[null]},"JSXIdentifier":{"enter":[null]}},"options":{"version":"7.13.10","helpers":true,"useESModules":false,"corejs":false}},{"key":"syntax-object-rest-spread","visitor":{"_exploded":true,"_verified":true},"options":{}},{"key":"proposal-object-rest-spread","visitor":{"_exploded":{},"_verified":{},"VariableDeclarator":{"enter":[null]},"ExportNamedDeclaration":{"enter":[null]},"CatchClause":{"enter":[null]},"AssignmentExpression":{"enter":[null]},"ArrayPattern":{"enter":[null]},"ObjectExpression":{"enter":[null]},"FunctionDeclaration":{"enter":[null]},"FunctionExpression":{"enter":[null]},"ObjectMethod":{"enter":[null]},"ArrowFunctionExpression":{"enter":[null]},"ClassMethod":{"enter":[null]},"ClassPrivateMethod":{"enter":[null]},"ForInStatement":{"enter":[null]},"ForOfStatement":{"enter":[null]}},"options":{}},{"key":"transform-meteor-async-await","visitor":{"AwaitExpression":{"enter":[null]},"_exploded":true,"_verified":true,"FunctionDeclaration":{"exit":[null]},"FunctionExpression":{"exit":[null]},"ObjectMethod":{"exit":[null]},"ArrowFunctionExpression":{"exit":[null]},"ClassMethod":{"exit":[null]},"ClassPrivateMethod":{"exit":[null]}},"options":{"useNativeAsyncAwait":false}},{"key":"proposal-async-generator-functions","visitor":{"_exploded":{},"_verified":{},"Program":{"enter":[null]}},"options":{}},{"key":"proposal-class-properties","visitor":{"PrivateName":{"enter":[null]},"ExportDefaultDeclaration":{"enter":[null]},"_exploded":true,"_verified":true,"ClassExpression":{"enter":[null]},"ClassDeclaration":{"enter":[null]}},"options":{"loose":true}},{"key":"transform-react-jsx","visitor":{"_exploded":{},"_verified":{},"JSXNamespacedName":{"enter":[null]},"JSXSpreadChild":{"enter":[null]},"Program":{"enter":[null]},"JSXElement":{"exit":[null]},"JSXFragment":{"exit":[null]},"JSXAttribute":{"enter":[null]}},"options":{"pragma":"React.createElement","pragmaFrag":"React.Fragment","runtime":"classic","throwIfNamespace":true,"useBuiltIns":false}},{"key":"transform-react-display-name","visitor":{"ExportDefaultDeclaration":{"enter":[null]},"CallExpression":{"enter":[null]},"_exploded":true,"_verified":true},"options":{}},{"key":"transform-react-pure-annotations","visitor":{"CallExpression":{"enter":[null]},"_exploded":true,"_verified":true},"options":{}},{"key":"syntax-nullish-coalescing-operator","visitor":{"_exploded":true,"_verified":true},"options":{}},{"key":"proposal-nullish-coalescing-operator","visitor":{"_exploded":{},"_verified":{},"LogicalExpression":{"enter":[null]}},"options":{}},{"key":"syntax-optional-chaining","visitor":{"_exploded":true,"_verified":true},"options":{}},{"key":"proposal-optional-chaining","visitor":{"_exploded":{},"_verified":{},"OptionalCallExpression":{"enter":[null]},"OptionalMemberExpression":{"enter":[null]}},"options":{}},{"key":"syntax-optional-catch-binding","visitor":{"_exploded":true,"_verified":true},"options":{}},{"key":"proposal-optional-catch-binding","visitor":{"_exploded":{},"_verified":{},"CatchClause":{"enter":[null]}},"options":{}},{"key":"syntax-class-properties","visitor":{"_exploded":true,"_verified":true},"options":{}},{"key":"proposal-class-properties","visitor":{"PrivateName":{"enter":[null]},"ExportDefaultDeclaration":{"enter":[null]},"_exploded":true,"_verified":true,"ClassExpression":{"enter":[null]},"ClassDeclaration":{"enter":[null]}},"options":{}},{"key":"syntax-async-generators","visitor":{"_exploded":true,"_verified":true},"options":{}},{"key":"proposal-async-generator-functions","visitor":{"_exploded":{},"_verified":{},"Program":{"enter":[null]}},"options":{}},{"key":"syntax-object-rest-spread","visitor":{"_exploded":true,"_verified":true},"options":{}},{"key":"proposal-object-rest-spread","visitor":{"_exploded":{},"_verified":{},"VariableDeclarator":{"enter":[null]},"ExportNamedDeclaration":{"enter":[null]},"CatchClause":{"enter":[null]},"AssignmentExpression":{"enter":[null]},"ArrayPattern":{"enter":[null]},"ObjectExpression":{"enter":[null]},"FunctionDeclaration":{"enter":[null]},"FunctionExpression":{"enter":[null]},"ObjectMethod":{"enter":[null]},"ArrowFunctionExpression":{"enter":[null]},"ClassMethod":{"enter":[null]},"ClassPrivateMethod":{"enter":[null]},"ForInStatement":{"enter":[null]},"ForOfStatement":{"enter":[null]}},"options":{}},{"key":"transform-literals","visitor":{"NumericLiteral":{"enter":[null]},"StringLiteral":{"enter":[null]},"_exploded":true,"_verified":true},"options":{}},{"key":"transform-template-literals","visitor":{"TaggedTemplateExpression":{"enter":[null]},"TemplateLiteral":{"enter":[null]},"_exploded":true,"_verified":true},"options":{}},{"key":"transform-parameters","visitor":{"_exploded":true,"_verified":true,"FunctionDeclaration":{"enter":[null]},"FunctionExpression":{"enter":[null]},"ObjectMethod":{"enter":[null]},"ArrowFunctionExpression":{"enter":[null]},"ClassMethod":{"enter":[null]},"ClassPrivateMethod":{"enter":[null]}},"options":{}},{"key":"transform-exponentiation-operator","visitor":{"AssignmentExpression":{"enter":[null]},"BinaryExpression":{"enter":[null]},"_exploded":true,"_verified":true},"options":{}}],"presets":[],"generatorOpts":{"filename":"C:\\Users\\andrejs\\Documents\\99_LU\\viziquer\\git\\viziquer-dss\\packages\\mizzao:timesync\\timesync-server.js","comments":true,"compact":false,"sourceMaps":true,"sourceFileName":"packages/mizzao:timesync/timesync-server.js"}},"code":"// Use rawConnectHandlers so we get a response as quickly as possible\n// https://github.com/meteor/meteor/blob/devel/packages/webapp/webapp_server.js\nWebApp.rawConnectHandlers.use(\"/_timesync\", function (req, res, next) {\n  // Never ever cache this, otherwise weird times are shown on reload\n  // http://stackoverflow.com/q/18811286/586086\n  res.setHeader(\"Cache-Control\", \"no-cache, no-store, must-revalidate\");\n  res.setHeader(\"Pragma\", \"no-cache\");\n  res.setHeader(\"Expires\", 0); // Avoid MIME type warnings in browsers\n\n  res.setHeader(\"Content-Type\", \"text/plain\"); // Cordova lives in a local webserver, so it does CORS\n  // we need to bless it's requests in order for it to accept our results\n  // Match http://localhost:<port> for Cordova clients in Meteor 1.3\n  // and http://meteor.local for earlier versions\n\n  const origin = req.headers.origin;\n\n  if (origin && (origin === 'http://meteor.local' || origin === 'meteor://desktop' || /^http:\\/\\/localhost:1[23]\\d\\d\\d$/.test(origin))) {\n    res.setHeader('Access-Control-Allow-Origin', origin);\n  }\n\n  res.end(Date.now().toString());\n});","map":{"version":3,"sources":["packages/mizzao:timesync/timesync-server.js"],"names":["WebApp","rawConnectHandlers","use","req","res","next","setHeader","origin","headers","test","end","Date","now","toString"],"mappings":"AAAA;AACA;AAEAA,MAAM,CAACC,kBAAP,CAA0BC,GAA1B,CAA8B,YAA9B,EACE,UAASC,GAAT,EAAcC,GAAd,EAAmBC,IAAnB,EAAyB;AACvB;AACA;AACAD,EAAAA,GAAG,CAACE,SAAJ,CAAc,eAAd,EAA+B,qCAA/B;AACAF,EAAAA,GAAG,CAACE,SAAJ,CAAc,QAAd,EAAwB,UAAxB;AACAF,EAAAA,GAAG,CAACE,SAAJ,CAAc,SAAd,EAAyB,CAAzB,EALuB,CAOvB;;AACAF,EAAAA,GAAG,CAACE,SAAJ,CAAc,cAAd,EAA8B,YAA9B,EARuB,CAUvB;AACA;AACA;AACA;;AACA,QAAMC,MAAM,GAAGJ,GAAG,CAACK,OAAJ,CAAYD,MAA3B;;AAEA,MAAIA,MAAM,KAAMA,MAAM,KAAK,qBAAX,IACZA,MAAM,KAAK,kBADC,IAEZ,mCAAmCE,IAAnC,CAAwCF,MAAxC,CAFM,CAAV,EAEwD;AACtDH,IAAAA,GAAG,CAACE,SAAJ,CAAc,6BAAd,EAA6CC,MAA7C;AACD;;AAEDH,EAAAA,GAAG,CAACM,GAAJ,CAAQC,IAAI,CAACC,GAAL,GAAWC,QAAX,EAAR;AACD,CAxBH","sourcesContent":["// Use rawConnectHandlers so we get a response as quickly as possible\n// https://github.com/meteor/meteor/blob/devel/packages/webapp/webapp_server.js\n\nWebApp.rawConnectHandlers.use(\"/_timesync\",\n  function(req, res, next) {\n    // Never ever cache this, otherwise weird times are shown on reload\n    // http://stackoverflow.com/q/18811286/586086\n    res.setHeader(\"Cache-Control\", \"no-cache, no-store, must-revalidate\");\n    res.setHeader(\"Pragma\", \"no-cache\");\n    res.setHeader(\"Expires\", 0);\n\n    // Avoid MIME type warnings in browsers\n    res.setHeader(\"Content-Type\", \"text/plain\");\n\n    // Cordova lives in a local webserver, so it does CORS\n    // we need to bless it's requests in order for it to accept our results\n    // Match http://localhost:<port> for Cordova clients in Meteor 1.3\n    // and http://meteor.local for earlier versions\n    const origin = req.headers.origin;\n\n    if (origin && ( origin === 'http://meteor.local' || \n        origin === 'meteor://desktop' || \n        /^http:\\/\\/localhost:1[23]\\d\\d\\d$/.test(origin) ) ) {\n      res.setHeader('Access-Control-Allow-Origin', origin);\n    }\n\n    res.end(Date.now().toString());\n  }\n);\n"]},"sourceType":"module","hash":"0170f6b0bf426b51522e1733eaeb2992ee8c1641"}
