{"metadata":{},"options":{"assumptions":{},"compact":false,"sourceMaps":true,"ast":true,"babelrc":false,"configFile":false,"parserOpts":{"sourceType":"module","sourceFileName":"C:\\Users\\andrejs\\Documents\\99_LU\\viziquer\\git\\viziquer-dss\\packages\\html-tools\\main.js","plugins":["*","flow","jsx","asyncGenerators","bigInt","classPrivateMethods","classPrivateProperties","classProperties","doExpressions","dynamicImport","exportDefaultFrom","exportExtensions","exportNamespaceFrom","functionBind","functionSent","importMeta","nullishCoalescingOperator","numericSeparator","objectRestSpread","optionalCatchBinding","optionalChaining",["pipelineOperator",{"proposal":"minimal"}],"throwExpressions","classProperties","classPrivateProperties","jsx","nullishCoalescingOperator","nullishCoalescingOperator","optionalChaining","optionalChaining","optionalCatchBinding","optionalCatchBinding","classProperties","classPrivateProperties","classPrivateMethods","classProperties","classPrivateProperties","asyncGenerators","asyncGenerators","objectRestSpread","objectRestSpread"],"allowImportExportEverywhere":true,"allowReturnOutsideFunction":true,"allowUndeclaredExports":true,"strictMode":false},"caller":{"name":"meteor","arch":"web.browser"},"sourceFileName":"packages/html-tools/main.js","filename":"C:\\Users\\andrejs\\Documents\\99_LU\\viziquer\\git\\viziquer-dss\\packages\\html-tools\\main.js","targets":{},"cloneInputAst":true,"browserslistConfigFile":false,"passPerPreset":false,"envName":"development","cwd":"C:\\Users\\andrejs\\Documents\\99_LU\\viziquer\\git\\viziquer-dss","root":"C:\\Users\\andrejs\\Documents\\99_LU\\viziquer\\git\\viziquer-dss","rootMode":"root","plugins":[{"key":"base$0","visitor":{"_exploded":true,"_verified":true},"options":{}},{"key":"base$0$0","visitor":{"Program":{"enter":[null],"exit":[null]},"_exploded":true,"_verified":true},"options":{"avoidModernSyntax":false,"enforceStrictMode":false,"dynamicImport":true,"generateLetDeclarations":true}},{"key":"transform-runtime","visitor":{"MemberExpression":{"enter":[null]},"ObjectPattern":{"enter":[null]},"BinaryExpression":{"enter":[null]},"_exploded":{},"_verified":{},"Identifier":{"enter":[null]},"JSXIdentifier":{"enter":[null]}},"options":{"version":"7.13.10","helpers":true,"useESModules":false,"corejs":false}},{"key":"proposal-class-properties","visitor":{"PrivateName":{"enter":[null]},"ExportDefaultDeclaration":{"enter":[null]},"_exploded":true,"_verified":true,"ClassExpression":{"enter":[null]},"ClassDeclaration":{"enter":[null]}},"options":{"loose":true}},{"key":"transform-react-jsx","visitor":{"_exploded":{},"_verified":{},"JSXNamespacedName":{"enter":[null]},"JSXSpreadChild":{"enter":[null]},"Program":{"enter":[null]},"JSXElement":{"exit":[null]},"JSXFragment":{"exit":[null]},"JSXAttribute":{"enter":[null]}},"options":{"pragma":"React.createElement","pragmaFrag":"React.Fragment","runtime":"classic","throwIfNamespace":true,"useBuiltIns":false}},{"key":"transform-react-display-name","visitor":{"ExportDefaultDeclaration":{"enter":[null]},"CallExpression":{"enter":[null]},"_exploded":true,"_verified":true},"options":{}},{"key":"transform-react-pure-annotations","visitor":{"CallExpression":{"enter":[null]},"_exploded":true,"_verified":true},"options":{}},{"key":"syntax-nullish-coalescing-operator","visitor":{"_exploded":true,"_verified":true},"options":{}},{"key":"proposal-nullish-coalescing-operator","visitor":{"_exploded":{},"_verified":{},"LogicalExpression":{"enter":[null]}},"options":{}},{"key":"syntax-optional-chaining","visitor":{"_exploded":true,"_verified":true},"options":{}},{"key":"proposal-optional-chaining","visitor":{"_exploded":{},"_verified":{},"OptionalCallExpression":{"enter":[null]},"OptionalMemberExpression":{"enter":[null]}},"options":{}},{"key":"syntax-optional-catch-binding","visitor":{"_exploded":true,"_verified":true},"options":{}},{"key":"proposal-optional-catch-binding","visitor":{"_exploded":{},"_verified":{},"CatchClause":{"enter":[null]}},"options":{}},{"key":"syntax-class-properties","visitor":{"_exploded":true,"_verified":true},"options":{}},{"key":"proposal-class-properties","visitor":{"PrivateName":{"enter":[null]},"ExportDefaultDeclaration":{"enter":[null]},"_exploded":true,"_verified":true,"ClassExpression":{"enter":[null]},"ClassDeclaration":{"enter":[null]}},"options":{}},{"key":"syntax-async-generators","visitor":{"_exploded":true,"_verified":true},"options":{}},{"key":"proposal-async-generator-functions","visitor":{"_exploded":{},"_verified":{},"Program":{"enter":[null]}},"options":{}},{"key":"syntax-object-rest-spread","visitor":{"_exploded":true,"_verified":true},"options":{}},{"key":"proposal-object-rest-spread","visitor":{"_exploded":{},"_verified":{},"VariableDeclarator":{"enter":[null]},"ExportNamedDeclaration":{"enter":[null]},"CatchClause":{"enter":[null]},"AssignmentExpression":{"enter":[null]},"ArrayPattern":{"enter":[null]},"ObjectExpression":{"enter":[null]},"FunctionDeclaration":{"enter":[null]},"FunctionExpression":{"enter":[null]},"ObjectMethod":{"enter":[null]},"ArrowFunctionExpression":{"enter":[null]},"ClassMethod":{"enter":[null]},"ClassPrivateMethod":{"enter":[null]},"ForInStatement":{"enter":[null]},"ForOfStatement":{"enter":[null]}},"options":{}},{"key":"transform-literals","visitor":{"NumericLiteral":{"enter":[null]},"StringLiteral":{"enter":[null]},"_exploded":true,"_verified":true},"options":{}},{"key":"transform-template-literals","visitor":{"TaggedTemplateExpression":{"enter":[null]},"TemplateLiteral":{"enter":[null]},"_exploded":true,"_verified":true},"options":{}},{"key":"transform-parameters","visitor":{"_exploded":true,"_verified":true,"FunctionDeclaration":{"enter":[null]},"FunctionExpression":{"enter":[null]},"ObjectMethod":{"enter":[null]},"ArrowFunctionExpression":{"enter":[null]},"ClassMethod":{"enter":[null]},"ClassPrivateMethod":{"enter":[null]}},"options":{}},{"key":"transform-exponentiation-operator","visitor":{"AssignmentExpression":{"enter":[null]},"BinaryExpression":{"enter":[null]},"_exploded":true,"_verified":true},"options":{}}],"presets":[],"generatorOpts":{"filename":"C:\\Users\\andrejs\\Documents\\99_LU\\viziquer\\git\\viziquer-dss\\packages\\html-tools\\main.js","comments":true,"compact":false,"sourceMaps":true,"sourceFileName":"packages/html-tools/main.js"}},"code":"module.export({\n  HTMLTools: () => HTMLTools\n});\nlet getCharacterReference;\nmodule.link(\"./charref\", {\n  getCharacterReference(v) {\n    getCharacterReference = v;\n  }\n\n}, 0);\nlet asciiLowerCase, properCaseTagName, properCaseAttributeName;\nmodule.link(\"./utils\", {\n  asciiLowerCase(v) {\n    asciiLowerCase = v;\n  },\n\n  properCaseTagName(v) {\n    properCaseTagName = v;\n  },\n\n  properCaseAttributeName(v) {\n    properCaseAttributeName = v;\n  }\n\n}, 1);\nlet TemplateTag;\nmodule.link(\"./templatetag\", {\n  TemplateTag(v) {\n    TemplateTag = v;\n  }\n\n}, 2);\nlet Scanner;\nmodule.link(\"./scanner\", {\n  Scanner(v) {\n    Scanner = v;\n  }\n\n}, 3);\nlet parseFragment, codePointToString, getContent, getRCData;\nmodule.link(\"./parse\", {\n  parseFragment(v) {\n    parseFragment = v;\n  },\n\n  codePointToString(v) {\n    codePointToString = v;\n  },\n\n  getContent(v) {\n    getContent = v;\n  },\n\n  getRCData(v) {\n    getRCData = v;\n  }\n\n}, 4);\nlet getComment, getDoctype, getHTMLToken, getTagToken, TEMPLATE_TAG_POSITION;\nmodule.link(\"./tokenize\", {\n  getComment(v) {\n    getComment = v;\n  },\n\n  getDoctype(v) {\n    getDoctype = v;\n  },\n\n  getHTMLToken(v) {\n    getHTMLToken = v;\n  },\n\n  getTagToken(v) {\n    getTagToken = v;\n  },\n\n  TEMPLATE_TAG_POSITION(v) {\n    TEMPLATE_TAG_POSITION = v;\n  }\n\n}, 5);\nmodule.runSetters(HTMLTools = {\n  asciiLowerCase,\n  properCaseTagName,\n  properCaseAttributeName,\n  TemplateTag,\n  Scanner,\n  parseFragment,\n  codePointToString,\n  TEMPLATE_TAG_POSITION,\n  Parse: {\n    getCharacterReference,\n    getContent,\n    getRCData,\n    getComment,\n    getDoctype,\n    getHTMLToken,\n    getTagToken\n  }\n});","map":{"version":3,"sources":["packages/html-tools/main.js"],"names":["module","export","HTMLTools","getCharacterReference","link","v","asciiLowerCase","properCaseTagName","properCaseAttributeName","TemplateTag","Scanner","parseFragment","codePointToString","getContent","getRCData","getComment","getDoctype","getHTMLToken","getTagToken","TEMPLATE_TAG_POSITION","Parse"],"mappings":"AAAAA,MAAM,CAACC,MAAP,CAAc;AAACC,EAAAA,SAAS,EAAC,MAAIA;AAAf,CAAd;AAAyC,IAAIC,qBAAJ;AAA0BH,MAAM,CAACI,IAAP,CAAY,WAAZ,EAAwB;AAACD,EAAAA,qBAAqB,CAACE,CAAD,EAAG;AAACF,IAAAA,qBAAqB,GAACE,CAAtB;AAAwB;;AAAlD,CAAxB,EAA4E,CAA5E;AAA+E,IAAIC,cAAJ,EAAmBC,iBAAnB,EAAqCC,uBAArC;AAA6DR,MAAM,CAACI,IAAP,CAAY,SAAZ,EAAsB;AAACE,EAAAA,cAAc,CAACD,CAAD,EAAG;AAACC,IAAAA,cAAc,GAACD,CAAf;AAAiB,GAApC;;AAAqCE,EAAAA,iBAAiB,CAACF,CAAD,EAAG;AAACE,IAAAA,iBAAiB,GAACF,CAAlB;AAAoB,GAA9E;;AAA+EG,EAAAA,uBAAuB,CAACH,CAAD,EAAG;AAACG,IAAAA,uBAAuB,GAACH,CAAxB;AAA0B;;AAApI,CAAtB,EAA4J,CAA5J;AAA+J,IAAII,WAAJ;AAAgBT,MAAM,CAACI,IAAP,CAAY,eAAZ,EAA4B;AAACK,EAAAA,WAAW,CAACJ,CAAD,EAAG;AAACI,IAAAA,WAAW,GAACJ,CAAZ;AAAc;;AAA9B,CAA5B,EAA4D,CAA5D;AAA+D,IAAIK,OAAJ;AAAYV,MAAM,CAACI,IAAP,CAAY,WAAZ,EAAwB;AAACM,EAAAA,OAAO,CAACL,CAAD,EAAG;AAACK,IAAAA,OAAO,GAACL,CAAR;AAAU;;AAAtB,CAAxB,EAAgD,CAAhD;AAAmD,IAAIM,aAAJ,EAAkBC,iBAAlB,EAAoCC,UAApC,EAA+CC,SAA/C;AAAyDd,MAAM,CAACI,IAAP,CAAY,SAAZ,EAAsB;AAACO,EAAAA,aAAa,CAACN,CAAD,EAAG;AAACM,IAAAA,aAAa,GAACN,CAAd;AAAgB,GAAlC;;AAAmCO,EAAAA,iBAAiB,CAACP,CAAD,EAAG;AAACO,IAAAA,iBAAiB,GAACP,CAAlB;AAAoB,GAA5E;;AAA6EQ,EAAAA,UAAU,CAACR,CAAD,EAAG;AAACQ,IAAAA,UAAU,GAACR,CAAX;AAAa,GAAxG;;AAAyGS,EAAAA,SAAS,CAACT,CAAD,EAAG;AAACS,IAAAA,SAAS,GAACT,CAAV;AAAY;;AAAlI,CAAtB,EAA0J,CAA1J;AAA6J,IAAIU,UAAJ,EAAeC,UAAf,EAA0BC,YAA1B,EAAuCC,WAAvC,EAAmDC,qBAAnD;AAAyEnB,MAAM,CAACI,IAAP,CAAY,YAAZ,EAAyB;AAACW,EAAAA,UAAU,CAACV,CAAD,EAAG;AAACU,IAAAA,UAAU,GAACV,CAAX;AAAa,GAA5B;;AAA6BW,EAAAA,UAAU,CAACX,CAAD,EAAG;AAACW,IAAAA,UAAU,GAACX,CAAX;AAAa,GAAxD;;AAAyDY,EAAAA,YAAY,CAACZ,CAAD,EAAG;AAACY,IAAAA,YAAY,GAACZ,CAAb;AAAe,GAAxF;;AAAyFa,EAAAA,WAAW,CAACb,CAAD,EAAG;AAACa,IAAAA,WAAW,GAACb,CAAZ;AAAc,GAAtH;;AAAuHc,EAAAA,qBAAqB,CAACd,CAAD,EAAG;AAACc,IAAAA,qBAAqB,GAACd,CAAtB;AAAwB;;AAAxK,CAAzB,EAAmM,CAAnM;AAQ3xB,kBAAAH,SAAS,GAAG;AACVI,EAAAA,cADU;AAEVC,EAAAA,iBAFU;AAGVC,EAAAA,uBAHU;AAIVC,EAAAA,WAJU;AAKVC,EAAAA,OALU;AAMVC,EAAAA,aANU;AAOVC,EAAAA,iBAPU;AAQVO,EAAAA,qBARU;AASVC,EAAAA,KAAK,EAAE;AACLjB,IAAAA,qBADK;AAELU,IAAAA,UAFK;AAGLC,IAAAA,SAHK;AAILC,IAAAA,UAJK;AAKLC,IAAAA,UALK;AAMLC,IAAAA,YANK;AAOLC,IAAAA;AAPK;AATG,CAAZ","sourcesContent":["\nimport { getCharacterReference } from './charref';\nimport { asciiLowerCase, properCaseTagName, properCaseAttributeName} from \"./utils\";\nimport { TemplateTag } from './templatetag'\nimport { Scanner } from './scanner';\nimport { parseFragment, codePointToString, getContent, getRCData } from './parse';\nimport { getComment, getDoctype, getHTMLToken, getTagToken, TEMPLATE_TAG_POSITION } from './tokenize';\n\nHTMLTools = {\n  asciiLowerCase,\n  properCaseTagName,\n  properCaseAttributeName,\n  TemplateTag,\n  Scanner,\n  parseFragment,\n  codePointToString,\n  TEMPLATE_TAG_POSITION,\n  Parse: {\n    getCharacterReference,\n    getContent,\n    getRCData,\n    getComment,\n    getDoctype,\n    getHTMLToken,\n    getTagToken,\n  }\n};\n\nexport { HTMLTools };\n"]},"sourceType":"module","hash":"01c261c9d7912ecc49b27d957d55282f5b5d4899"}
