{"metadata":{},"options":{"assumptions":{},"compact":false,"sourceMaps":true,"ast":true,"babelrc":false,"configFile":false,"parserOpts":{"sourceType":"module","sourceFileName":"C:\\Users\\andrejs\\Documents\\99_LU\\viziquer\\tmp\\viziquerdss\\packages\\mongo-decimal\\decimal.js","plugins":["*","flow","jsx","asyncGenerators","bigInt","classPrivateMethods","classPrivateProperties","classProperties","doExpressions","dynamicImport","exportDefaultFrom","exportExtensions","exportNamespaceFrom","functionBind","functionSent","importMeta","nullishCoalescingOperator","numericSeparator","objectRestSpread","optionalCatchBinding","optionalChaining",["pipelineOperator",{"proposal":"minimal"}],"throwExpressions","objectRestSpread","objectRestSpread","asyncGenerators","classProperties","classPrivateProperties","jsx","nullishCoalescingOperator","nullishCoalescingOperator","optionalChaining","optionalChaining","optionalCatchBinding","optionalCatchBinding","classProperties","classPrivateProperties","classPrivateMethods","classProperties","classPrivateProperties","asyncGenerators","asyncGenerators","objectRestSpread","objectRestSpread"],"allowImportExportEverywhere":true,"allowReturnOutsideFunction":true,"allowUndeclaredExports":true,"strictMode":false},"caller":{"name":"meteor","arch":"os.windows.x86_64"},"sourceFileName":"packages/mongo-decimal/decimal.js","filename":"C:\\Users\\andrejs\\Documents\\99_LU\\viziquer\\tmp\\viziquerdss\\packages\\mongo-decimal\\decimal.js","targets":{},"cloneInputAst":true,"browserslistConfigFile":false,"passPerPreset":false,"envName":"development","cwd":"C:\\Users\\andrejs\\Documents\\99_LU\\viziquer\\tmp\\viziquerdss","root":"C:\\Users\\andrejs\\Documents\\99_LU\\viziquer\\tmp\\viziquerdss","rootMode":"root","plugins":[{"key":"base$0","visitor":{"_exploded":true,"_verified":true},"options":{}},{"key":"base$0$0","visitor":{"Program":{"enter":[null],"exit":[null]},"_exploded":true,"_verified":true},"options":{"avoidModernSyntax":false,"enforceStrictMode":false,"dynamicImport":true,"generateLetDeclarations":true}},{"key":"transform-runtime","visitor":{"MemberExpression":{"enter":[null]},"ObjectPattern":{"enter":[null]},"BinaryExpression":{"enter":[null]},"_exploded":{},"_verified":{},"Identifier":{"enter":[null]},"JSXIdentifier":{"enter":[null]}},"options":{"version":"7.13.10","helpers":true,"useESModules":false,"corejs":false}},{"key":"syntax-object-rest-spread","visitor":{"_exploded":true,"_verified":true},"options":{}},{"key":"proposal-object-rest-spread","visitor":{"_exploded":{},"_verified":{},"VariableDeclarator":{"enter":[null]},"ExportNamedDeclaration":{"enter":[null]},"CatchClause":{"enter":[null]},"AssignmentExpression":{"enter":[null]},"ArrayPattern":{"enter":[null]},"ObjectExpression":{"enter":[null]},"FunctionDeclaration":{"enter":[null]},"FunctionExpression":{"enter":[null]},"ObjectMethod":{"enter":[null]},"ArrowFunctionExpression":{"enter":[null]},"ClassMethod":{"enter":[null]},"ClassPrivateMethod":{"enter":[null]},"ForInStatement":{"enter":[null]},"ForOfStatement":{"enter":[null]}},"options":{}},{"key":"transform-meteor-async-await","visitor":{"AwaitExpression":{"enter":[null]},"_exploded":true,"_verified":true,"FunctionDeclaration":{"exit":[null]},"FunctionExpression":{"exit":[null]},"ObjectMethod":{"exit":[null]},"ArrowFunctionExpression":{"exit":[null]},"ClassMethod":{"exit":[null]},"ClassPrivateMethod":{"exit":[null]}},"options":{"useNativeAsyncAwait":false}},{"key":"proposal-async-generator-functions","visitor":{"_exploded":{},"_verified":{},"Program":{"enter":[null]}},"options":{}},{"key":"proposal-class-properties","visitor":{"PrivateName":{"enter":[null]},"ExportDefaultDeclaration":{"enter":[null]},"_exploded":true,"_verified":true,"ClassExpression":{"enter":[null]},"ClassDeclaration":{"enter":[null]}},"options":{"loose":true}},{"key":"transform-react-jsx","visitor":{"_exploded":{},"_verified":{},"JSXNamespacedName":{"enter":[null]},"JSXSpreadChild":{"enter":[null]},"Program":{"enter":[null]},"JSXElement":{"exit":[null]},"JSXFragment":{"exit":[null]},"JSXAttribute":{"enter":[null]}},"options":{"pragma":"React.createElement","pragmaFrag":"React.Fragment","runtime":"classic","throwIfNamespace":true,"useBuiltIns":false}},{"key":"transform-react-display-name","visitor":{"ExportDefaultDeclaration":{"enter":[null]},"CallExpression":{"enter":[null]},"_exploded":true,"_verified":true},"options":{}},{"key":"transform-react-pure-annotations","visitor":{"CallExpression":{"enter":[null]},"_exploded":true,"_verified":true},"options":{}},{"key":"syntax-nullish-coalescing-operator","visitor":{"_exploded":true,"_verified":true},"options":{}},{"key":"proposal-nullish-coalescing-operator","visitor":{"_exploded":{},"_verified":{},"LogicalExpression":{"enter":[null]}},"options":{}},{"key":"syntax-optional-chaining","visitor":{"_exploded":true,"_verified":true},"options":{}},{"key":"proposal-optional-chaining","visitor":{"_exploded":{},"_verified":{},"OptionalCallExpression":{"enter":[null]},"OptionalMemberExpression":{"enter":[null]}},"options":{}},{"key":"syntax-optional-catch-binding","visitor":{"_exploded":true,"_verified":true},"options":{}},{"key":"proposal-optional-catch-binding","visitor":{"_exploded":{},"_verified":{},"CatchClause":{"enter":[null]}},"options":{}},{"key":"syntax-class-properties","visitor":{"_exploded":true,"_verified":true},"options":{}},{"key":"proposal-class-properties","visitor":{"PrivateName":{"enter":[null]},"ExportDefaultDeclaration":{"enter":[null]},"_exploded":true,"_verified":true,"ClassExpression":{"enter":[null]},"ClassDeclaration":{"enter":[null]}},"options":{}},{"key":"syntax-async-generators","visitor":{"_exploded":true,"_verified":true},"options":{}},{"key":"proposal-async-generator-functions","visitor":{"_exploded":{},"_verified":{},"Program":{"enter":[null]}},"options":{}},{"key":"syntax-object-rest-spread","visitor":{"_exploded":true,"_verified":true},"options":{}},{"key":"proposal-object-rest-spread","visitor":{"_exploded":{},"_verified":{},"VariableDeclarator":{"enter":[null]},"ExportNamedDeclaration":{"enter":[null]},"CatchClause":{"enter":[null]},"AssignmentExpression":{"enter":[null]},"ArrayPattern":{"enter":[null]},"ObjectExpression":{"enter":[null]},"FunctionDeclaration":{"enter":[null]},"FunctionExpression":{"enter":[null]},"ObjectMethod":{"enter":[null]},"ArrowFunctionExpression":{"enter":[null]},"ClassMethod":{"enter":[null]},"ClassPrivateMethod":{"enter":[null]},"ForInStatement":{"enter":[null]},"ForOfStatement":{"enter":[null]}},"options":{}},{"key":"transform-literals","visitor":{"NumericLiteral":{"enter":[null]},"StringLiteral":{"enter":[null]},"_exploded":true,"_verified":true},"options":{}},{"key":"transform-template-literals","visitor":{"TaggedTemplateExpression":{"enter":[null]},"TemplateLiteral":{"enter":[null]},"_exploded":true,"_verified":true},"options":{}},{"key":"transform-parameters","visitor":{"_exploded":true,"_verified":true,"FunctionDeclaration":{"enter":[null]},"FunctionExpression":{"enter":[null]},"ObjectMethod":{"enter":[null]},"ArrowFunctionExpression":{"enter":[null]},"ClassMethod":{"enter":[null]},"ClassPrivateMethod":{"enter":[null]}},"options":{}},{"key":"transform-exponentiation-operator","visitor":{"AssignmentExpression":{"enter":[null]},"BinaryExpression":{"enter":[null]},"_exploded":true,"_verified":true},"options":{}}],"presets":[],"generatorOpts":{"filename":"C:\\Users\\andrejs\\Documents\\99_LU\\viziquer\\tmp\\viziquerdss\\packages\\mongo-decimal\\decimal.js","comments":true,"compact":false,"sourceMaps":true,"sourceFileName":"packages/mongo-decimal/decimal.js"}},"code":"module.export({\n  Decimal: () => Decimal\n});\nlet EJSON;\nmodule.link(\"meteor/ejson\", {\n  EJSON(v) {\n    EJSON = v;\n  }\n\n}, 0);\nlet Decimal;\nmodule.link(\"decimal.js\", {\n  Decimal(v) {\n    Decimal = v;\n  }\n\n}, 1);\n\nDecimal.prototype.typeName = function () {\n  return 'Decimal';\n};\n\nDecimal.prototype.toJSONValue = function () {\n  return this.toJSON();\n};\n\nDecimal.prototype.clone = function () {\n  return Decimal(this.toString());\n};\n\nEJSON.addType('Decimal', function (str) {\n  return Decimal(str);\n});","map":{"version":3,"sources":["packages/mongo-decimal/decimal.js"],"names":["module","export","Decimal","EJSON","link","v","prototype","typeName","toJSONValue","toJSON","clone","toString","addType","str"],"mappings":"AAAAA,MAAM,CAACC,MAAP,CAAc;AAACC,EAAAA,OAAO,EAAC,MAAIA;AAAb,CAAd;AAAqC,IAAIC,KAAJ;AAAUH,MAAM,CAACI,IAAP,CAAY,cAAZ,EAA2B;AAACD,EAAAA,KAAK,CAACE,CAAD,EAAG;AAACF,IAAAA,KAAK,GAACE,CAAN;AAAQ;;AAAlB,CAA3B,EAA+C,CAA/C;AAAkD,IAAIH,OAAJ;AAAYF,MAAM,CAACI,IAAP,CAAY,YAAZ,EAAyB;AAACF,EAAAA,OAAO,CAACG,CAAD,EAAG;AAACH,IAAAA,OAAO,GAACG,CAAR;AAAU;;AAAtB,CAAzB,EAAiD,CAAjD;;AAG7GH,OAAO,CAACI,SAAR,CAAkBC,QAAlB,GAA6B,YAAW;AACtC,SAAO,SAAP;AACD,CAFD;;AAIAL,OAAO,CAACI,SAAR,CAAkBE,WAAlB,GAAgC,YAAY;AAC1C,SAAO,KAAKC,MAAL,EAAP;AACD,CAFD;;AAIAP,OAAO,CAACI,SAAR,CAAkBI,KAAlB,GAA0B,YAAY;AACpC,SAAOR,OAAO,CAAC,KAAKS,QAAL,EAAD,CAAd;AACD,CAFD;;AAIAR,KAAK,CAACS,OAAN,CAAc,SAAd,EAAyB,UAAUC,GAAV,EAAe;AACtC,SAAOX,OAAO,CAACW,GAAD,CAAd;AACD,CAFD","sourcesContent":["import { EJSON } from 'meteor/ejson';\nimport { Decimal } from 'decimal.js';\n\nDecimal.prototype.typeName = function() {\n  return 'Decimal';\n};\n\nDecimal.prototype.toJSONValue = function () {\n  return this.toJSON();\n};\n\nDecimal.prototype.clone = function () {\n  return Decimal(this.toString());\n};\n\nEJSON.addType('Decimal', function (str) {\n  return Decimal(str);\n});\n\nexport { Decimal };\n"]},"sourceType":"module","hash":"0d71bf46147c85fc0f9435173d7706c7bf27e387"}
