{"metadata":{},"options":{"assumptions":{},"compact":false,"sourceMaps":true,"ast":true,"babelrc":false,"configFile":false,"parserOpts":{"sourceType":"module","sourceFileName":"C:\\Users\\andrejs\\Documents\\99_LU\\viziquer\\tmp\\viziquerdss\\packages\\spacebars-compiler\\react.js","plugins":["*","flow","jsx","asyncGenerators","bigInt","classPrivateMethods","classPrivateProperties","classProperties","doExpressions","dynamicImport","exportDefaultFrom","exportExtensions","exportNamespaceFrom","functionBind","functionSent","importMeta","nullishCoalescingOperator","numericSeparator","objectRestSpread","optionalCatchBinding","optionalChaining",["pipelineOperator",{"proposal":"minimal"}],"throwExpressions","objectRestSpread","objectRestSpread","asyncGenerators","classProperties","classPrivateProperties","jsx","nullishCoalescingOperator","nullishCoalescingOperator","optionalChaining","optionalChaining","optionalCatchBinding","optionalCatchBinding","classProperties","classPrivateProperties","classPrivateMethods","classProperties","classPrivateProperties","asyncGenerators","asyncGenerators","objectRestSpread","objectRestSpread"],"allowImportExportEverywhere":true,"allowReturnOutsideFunction":true,"allowUndeclaredExports":true,"strictMode":false},"caller":{"name":"meteor","arch":"os.windows.x86_64"},"sourceFileName":"packages/spacebars-compiler/react.js","filename":"C:\\Users\\andrejs\\Documents\\99_LU\\viziquer\\tmp\\viziquerdss\\packages\\spacebars-compiler\\react.js","targets":{},"cloneInputAst":true,"browserslistConfigFile":false,"passPerPreset":false,"envName":"development","cwd":"C:\\Users\\andrejs\\Documents\\99_LU\\viziquer\\tmp\\viziquerdss","root":"C:\\Users\\andrejs\\Documents\\99_LU\\viziquer\\tmp\\viziquerdss","rootMode":"root","plugins":[{"key":"base$0","visitor":{"_exploded":true,"_verified":true},"options":{}},{"key":"base$0$0","visitor":{"Program":{"enter":[null],"exit":[null]},"_exploded":true,"_verified":true},"options":{"avoidModernSyntax":false,"enforceStrictMode":false,"dynamicImport":true,"generateLetDeclarations":true}},{"key":"transform-runtime","visitor":{"MemberExpression":{"enter":[null]},"ObjectPattern":{"enter":[null]},"BinaryExpression":{"enter":[null]},"_exploded":{},"_verified":{},"Identifier":{"enter":[null]},"JSXIdentifier":{"enter":[null]}},"options":{"version":"7.13.10","helpers":true,"useESModules":false,"corejs":false}},{"key":"syntax-object-rest-spread","visitor":{"_exploded":true,"_verified":true},"options":{}},{"key":"proposal-object-rest-spread","visitor":{"_exploded":{},"_verified":{},"VariableDeclarator":{"enter":[null]},"ExportNamedDeclaration":{"enter":[null]},"CatchClause":{"enter":[null]},"AssignmentExpression":{"enter":[null]},"ArrayPattern":{"enter":[null]},"ObjectExpression":{"enter":[null]},"FunctionDeclaration":{"enter":[null]},"FunctionExpression":{"enter":[null]},"ObjectMethod":{"enter":[null]},"ArrowFunctionExpression":{"enter":[null]},"ClassMethod":{"enter":[null]},"ClassPrivateMethod":{"enter":[null]},"ForInStatement":{"enter":[null]},"ForOfStatement":{"enter":[null]}},"options":{}},{"key":"transform-meteor-async-await","visitor":{"AwaitExpression":{"enter":[null]},"_exploded":true,"_verified":true,"FunctionDeclaration":{"exit":[null]},"FunctionExpression":{"exit":[null]},"ObjectMethod":{"exit":[null]},"ArrowFunctionExpression":{"exit":[null]},"ClassMethod":{"exit":[null]},"ClassPrivateMethod":{"exit":[null]}},"options":{"useNativeAsyncAwait":false}},{"key":"proposal-async-generator-functions","visitor":{"_exploded":{},"_verified":{},"Program":{"enter":[null]}},"options":{}},{"key":"proposal-class-properties","visitor":{"PrivateName":{"enter":[null]},"ExportDefaultDeclaration":{"enter":[null]},"_exploded":true,"_verified":true,"ClassExpression":{"enter":[null]},"ClassDeclaration":{"enter":[null]}},"options":{"loose":true}},{"key":"transform-react-jsx","visitor":{"_exploded":{},"_verified":{},"JSXNamespacedName":{"enter":[null]},"JSXSpreadChild":{"enter":[null]},"Program":{"enter":[null]},"JSXElement":{"exit":[null]},"JSXFragment":{"exit":[null]},"JSXAttribute":{"enter":[null]}},"options":{"pragma":"React.createElement","pragmaFrag":"React.Fragment","runtime":"classic","throwIfNamespace":true,"useBuiltIns":false}},{"key":"transform-react-display-name","visitor":{"ExportDefaultDeclaration":{"enter":[null]},"CallExpression":{"enter":[null]},"_exploded":true,"_verified":true},"options":{}},{"key":"transform-react-pure-annotations","visitor":{"CallExpression":{"enter":[null]},"_exploded":true,"_verified":true},"options":{}},{"key":"syntax-nullish-coalescing-operator","visitor":{"_exploded":true,"_verified":true},"options":{}},{"key":"proposal-nullish-coalescing-operator","visitor":{"_exploded":{},"_verified":{},"LogicalExpression":{"enter":[null]}},"options":{}},{"key":"syntax-optional-chaining","visitor":{"_exploded":true,"_verified":true},"options":{}},{"key":"proposal-optional-chaining","visitor":{"_exploded":{},"_verified":{},"OptionalCallExpression":{"enter":[null]},"OptionalMemberExpression":{"enter":[null]}},"options":{}},{"key":"syntax-optional-catch-binding","visitor":{"_exploded":true,"_verified":true},"options":{}},{"key":"proposal-optional-catch-binding","visitor":{"_exploded":{},"_verified":{},"CatchClause":{"enter":[null]}},"options":{}},{"key":"syntax-class-properties","visitor":{"_exploded":true,"_verified":true},"options":{}},{"key":"proposal-class-properties","visitor":{"PrivateName":{"enter":[null]},"ExportDefaultDeclaration":{"enter":[null]},"_exploded":true,"_verified":true,"ClassExpression":{"enter":[null]},"ClassDeclaration":{"enter":[null]}},"options":{}},{"key":"syntax-async-generators","visitor":{"_exploded":true,"_verified":true},"options":{}},{"key":"proposal-async-generator-functions","visitor":{"_exploded":{},"_verified":{},"Program":{"enter":[null]}},"options":{}},{"key":"syntax-object-rest-spread","visitor":{"_exploded":true,"_verified":true},"options":{}},{"key":"proposal-object-rest-spread","visitor":{"_exploded":{},"_verified":{},"VariableDeclarator":{"enter":[null]},"ExportNamedDeclaration":{"enter":[null]},"CatchClause":{"enter":[null]},"AssignmentExpression":{"enter":[null]},"ArrayPattern":{"enter":[null]},"ObjectExpression":{"enter":[null]},"FunctionDeclaration":{"enter":[null]},"FunctionExpression":{"enter":[null]},"ObjectMethod":{"enter":[null]},"ArrowFunctionExpression":{"enter":[null]},"ClassMethod":{"enter":[null]},"ClassPrivateMethod":{"enter":[null]},"ForInStatement":{"enter":[null]},"ForOfStatement":{"enter":[null]}},"options":{}},{"key":"transform-literals","visitor":{"NumericLiteral":{"enter":[null]},"StringLiteral":{"enter":[null]},"_exploded":true,"_verified":true},"options":{}},{"key":"transform-template-literals","visitor":{"TaggedTemplateExpression":{"enter":[null]},"TemplateLiteral":{"enter":[null]},"_exploded":true,"_verified":true},"options":{}},{"key":"transform-parameters","visitor":{"_exploded":true,"_verified":true,"FunctionDeclaration":{"enter":[null]},"FunctionExpression":{"enter":[null]},"ObjectMethod":{"enter":[null]},"ArrowFunctionExpression":{"enter":[null]},"ClassMethod":{"enter":[null]},"ClassPrivateMethod":{"enter":[null]}},"options":{}},{"key":"transform-exponentiation-operator","visitor":{"AssignmentExpression":{"enter":[null]},"BinaryExpression":{"enter":[null]},"_exploded":true,"_verified":true},"options":{}}],"presets":[],"generatorOpts":{"filename":"C:\\Users\\andrejs\\Documents\\99_LU\\viziquer\\tmp\\viziquerdss\\packages\\spacebars-compiler\\react.js","comments":true,"compact":false,"sourceMaps":true,"sourceFileName":"packages/spacebars-compiler/react.js"}},"code":"module.export({\n  ReactComponentSiblingForbidder: () => ReactComponentSiblingForbidder\n});\nlet HTMLTools;\nmodule.link(\"meteor/html-tools\", {\n  HTMLTools(v) {\n    HTMLTools = v;\n  }\n\n}, 0);\nlet HTML;\nmodule.link(\"meteor/htmljs\", {\n  HTML(v) {\n    HTML = v;\n  }\n\n}, 1);\nlet BlazeTools;\nmodule.link(\"meteor/blaze-tools\", {\n  BlazeTools(v) {\n    BlazeTools = v;\n  }\n\n}, 2);\nconst ReactComponentSiblingForbidder = HTML.Visitor.extend();\nReactComponentSiblingForbidder.def({\n  visitArray: function (array, parentTag) {\n    for (var i = 0; i < array.length; i++) {\n      this.visit(array[i], parentTag);\n    }\n  },\n  visitObject: function (obj, parentTag) {\n    if (obj.type === \"INCLUSION\" && obj.path.length === 1 && obj.path[0] === \"React\") {\n      if (!parentTag) {\n        throw new Error(\"{{> React}} must be used in a container element\" + (this.sourceName ? \" in \" + this.sourceName : \"\") + \". Learn more at https://github.com/meteor/meteor/wiki/React-components-must-be-the-only-thing-in-their-wrapper-element\");\n      }\n\n      var numSiblings = 0;\n\n      for (var i = 0; i < parentTag.children.length; i++) {\n        var child = parentTag.children[i];\n\n        if (child !== obj && !(typeof child === \"string\" && child.match(/^\\s*$/))) {\n          numSiblings++;\n        }\n      }\n\n      if (numSiblings > 0) {\n        throw new Error(\"{{> React}} must be used as the only child in a container element\" + (this.sourceName ? \" in \" + this.sourceName : \"\") + \". Learn more at https://github.com/meteor/meteor/wiki/React-components-must-be-the-only-thing-in-their-wrapper-element\");\n      }\n    }\n  },\n  visitTag: function (tag) {\n    this.visitArray(tag.children, tag\n    /*parentTag*/\n    );\n  }\n});","map":{"version":3,"sources":["packages/spacebars-compiler/react.js"],"names":["module","export","ReactComponentSiblingForbidder","HTMLTools","link","v","HTML","BlazeTools","Visitor","extend","def","visitArray","array","parentTag","i","length","visit","visitObject","obj","type","path","Error","sourceName","numSiblings","children","child","match","visitTag","tag"],"mappings":"AAAAA,MAAM,CAACC,MAAP,CAAc;AAACC,EAAAA,8BAA8B,EAAC,MAAIA;AAApC,CAAd;AAAmF,IAAIC,SAAJ;AAAcH,MAAM,CAACI,IAAP,CAAY,mBAAZ,EAAgC;AAACD,EAAAA,SAAS,CAACE,CAAD,EAAG;AAACF,IAAAA,SAAS,GAACE,CAAV;AAAY;;AAA1B,CAAhC,EAA4D,CAA5D;AAA+D,IAAIC,IAAJ;AAASN,MAAM,CAACI,IAAP,CAAY,eAAZ,EAA4B;AAACE,EAAAA,IAAI,CAACD,CAAD,EAAG;AAACC,IAAAA,IAAI,GAACD,CAAL;AAAO;;AAAhB,CAA5B,EAA8C,CAA9C;AAAiD,IAAIE,UAAJ;AAAeP,MAAM,CAACI,IAAP,CAAY,oBAAZ,EAAiC;AAACG,EAAAA,UAAU,CAACF,CAAD,EAAG;AAACE,IAAAA,UAAU,GAACF,CAAX;AAAa;;AAA5B,CAAjC,EAA+D,CAA/D;AAYlO,MAAMH,8BAA8B,GAAGI,IAAI,CAACE,OAAL,CAAaC,MAAb,EAAvC;AACPP,8BAA8B,CAACQ,GAA/B,CAAmC;AACjCC,EAAAA,UAAU,EAAE,UAAUC,KAAV,EAAiBC,SAAjB,EAA4B;AACtC,SAAK,IAAIC,CAAC,GAAG,CAAb,EAAgBA,CAAC,GAAGF,KAAK,CAACG,MAA1B,EAAkCD,CAAC,EAAnC,EAAuC;AACrC,WAAKE,KAAL,CAAWJ,KAAK,CAACE,CAAD,CAAhB,EAAqBD,SAArB;AACD;AACF,GALgC;AAMjCI,EAAAA,WAAW,EAAE,UAAUC,GAAV,EAAeL,SAAf,EAA0B;AACrC,QAAIK,GAAG,CAACC,IAAJ,KAAa,WAAb,IAA4BD,GAAG,CAACE,IAAJ,CAASL,MAAT,KAAoB,CAAhD,IAAqDG,GAAG,CAACE,IAAJ,CAAS,CAAT,MAAgB,OAAzE,EAAkF;AAChF,UAAI,CAACP,SAAL,EAAgB;AACd,cAAM,IAAIQ,KAAJ,CACJ,qDACK,KAAKC,UAAL,GAAmB,SAAS,KAAKA,UAAjC,GAA+C,EADpD,IAEO,wHAHH,CAAN;AAID;;AAED,UAAIC,WAAW,GAAG,CAAlB;;AACA,WAAK,IAAIT,CAAC,GAAG,CAAb,EAAgBA,CAAC,GAAGD,SAAS,CAACW,QAAV,CAAmBT,MAAvC,EAA+CD,CAAC,EAAhD,EAAoD;AAClD,YAAIW,KAAK,GAAGZ,SAAS,CAACW,QAAV,CAAmBV,CAAnB,CAAZ;;AACA,YAAIW,KAAK,KAAKP,GAAV,IAAiB,EAAE,OAAOO,KAAP,KAAiB,QAAjB,IAA6BA,KAAK,CAACC,KAAN,CAAY,OAAZ,CAA/B,CAArB,EAA2E;AACzEH,UAAAA,WAAW;AACZ;AACF;;AAED,UAAIA,WAAW,GAAG,CAAlB,EAAqB;AACnB,cAAM,IAAIF,KAAJ,CACJ,uEACK,KAAKC,UAAL,GAAmB,SAAS,KAAKA,UAAjC,GAA+C,EADpD,IAEO,wHAHH,CAAN;AAID;AACF;AACF,GA9BgC;AA+BjCK,EAAAA,QAAQ,EAAE,UAAUC,GAAV,EAAe;AACvB,SAAKjB,UAAL,CAAgBiB,GAAG,CAACJ,QAApB,EAA8BI;AAAI;AAAlC;AACD;AAjCgC,CAAnC","sourcesContent":["import { HTMLTools } from 'meteor/html-tools';\nimport { HTML } from 'meteor/htmljs';\nimport { BlazeTools } from 'meteor/blaze-tools';\n\n// A visitor to ensure that React components included via the `{{>\n// React}}` template defined in the react-template-helper package are\n// the only child in their parent component. Otherwise `React.render`\n// would eliminate all of their sibling nodes.\n//\n// It's a little strange that this logic is in spacebars-compiler if\n// it's only relevant to a specific package but there's no way to have\n// a package hook into a build plugin.\nexport const ReactComponentSiblingForbidder = HTML.Visitor.extend();\nReactComponentSiblingForbidder.def({\n  visitArray: function (array, parentTag) {\n    for (var i = 0; i < array.length; i++) {\n      this.visit(array[i], parentTag);\n    }\n  },\n  visitObject: function (obj, parentTag) {\n    if (obj.type === \"INCLUSION\" && obj.path.length === 1 && obj.path[0] === \"React\") {\n      if (!parentTag) {\n        throw new Error(\n          \"{{> React}} must be used in a container element\"\n            + (this.sourceName ? (\" in \" + this.sourceName) : \"\")\n               + \". Learn more at https://github.com/meteor/meteor/wiki/React-components-must-be-the-only-thing-in-their-wrapper-element\");\n      }\n\n      var numSiblings = 0;\n      for (var i = 0; i < parentTag.children.length; i++) {\n        var child = parentTag.children[i];\n        if (child !== obj && !(typeof child === \"string\" && child.match(/^\\s*$/))) {\n          numSiblings++;\n        }\n      }\n\n      if (numSiblings > 0) {\n        throw new Error(\n          \"{{> React}} must be used as the only child in a container element\"\n            + (this.sourceName ? (\" in \" + this.sourceName) : \"\")\n               + \". Learn more at https://github.com/meteor/meteor/wiki/React-components-must-be-the-only-thing-in-their-wrapper-element\");\n      }\n    }\n  },\n  visitTag: function (tag) {\n    this.visitArray(tag.children, tag /*parentTag*/);\n  }\n});\n"]},"sourceType":"module","hash":"0e8de793f45469aa679b41b2559a49759863e0d9"}
