{"metadata":{},"options":{"assumptions":{},"compact":false,"sourceMaps":true,"ast":true,"babelrc":false,"configFile":false,"parserOpts":{"sourceType":"module","sourceFileName":"C:\\Users\\andrejs\\Documents\\99_LU\\viziquer\\git\\viziquer-dss\\packages\\aldeed:schema-index\\lib\\indexing.js","plugins":["*","flow","jsx","asyncGenerators","bigInt","classPrivateMethods","classPrivateProperties","classProperties","doExpressions","dynamicImport","exportDefaultFrom","exportExtensions","exportNamespaceFrom","functionBind","functionSent","importMeta","nullishCoalescingOperator","numericSeparator","objectRestSpread","optionalCatchBinding","optionalChaining",["pipelineOperator",{"proposal":"minimal"}],"throwExpressions","objectRestSpread","objectRestSpread","asyncGenerators","classProperties","classPrivateProperties","jsx","nullishCoalescingOperator","nullishCoalescingOperator","optionalChaining","optionalChaining","optionalCatchBinding","optionalCatchBinding","classProperties","classPrivateProperties","classPrivateMethods","classProperties","classPrivateProperties","asyncGenerators","asyncGenerators","objectRestSpread","objectRestSpread"],"allowImportExportEverywhere":true,"allowReturnOutsideFunction":true,"allowUndeclaredExports":true,"strictMode":false},"caller":{"name":"meteor","arch":"os.windows.x86_64"},"sourceFileName":"packages/aldeed:schema-index/lib/indexing.js","filename":"C:\\Users\\andrejs\\Documents\\99_LU\\viziquer\\git\\viziquer-dss\\packages\\aldeed:schema-index\\lib\\indexing.js","targets":{},"cloneInputAst":true,"browserslistConfigFile":false,"passPerPreset":false,"envName":"development","cwd":"C:\\Users\\andrejs\\Documents\\99_LU\\viziquer\\git\\viziquer-dss","root":"C:\\Users\\andrejs\\Documents\\99_LU\\viziquer\\git\\viziquer-dss","rootMode":"root","plugins":[{"key":"base$0","visitor":{"_exploded":true,"_verified":true},"options":{}},{"key":"base$0$0","visitor":{"Program":{"enter":[null],"exit":[null]},"_exploded":true,"_verified":true},"options":{"avoidModernSyntax":false,"enforceStrictMode":false,"dynamicImport":true,"generateLetDeclarations":true}},{"key":"transform-runtime","visitor":{"MemberExpression":{"enter":[null]},"ObjectPattern":{"enter":[null]},"BinaryExpression":{"enter":[null]},"_exploded":{},"_verified":{},"Identifier":{"enter":[null]},"JSXIdentifier":{"enter":[null]}},"options":{"version":"7.13.10","helpers":true,"useESModules":false,"corejs":false}},{"key":"syntax-object-rest-spread","visitor":{"_exploded":true,"_verified":true},"options":{}},{"key":"proposal-object-rest-spread","visitor":{"_exploded":{},"_verified":{},"VariableDeclarator":{"enter":[null]},"ExportNamedDeclaration":{"enter":[null]},"CatchClause":{"enter":[null]},"AssignmentExpression":{"enter":[null]},"ArrayPattern":{"enter":[null]},"ObjectExpression":{"enter":[null]},"FunctionDeclaration":{"enter":[null]},"FunctionExpression":{"enter":[null]},"ObjectMethod":{"enter":[null]},"ArrowFunctionExpression":{"enter":[null]},"ClassMethod":{"enter":[null]},"ClassPrivateMethod":{"enter":[null]},"ForInStatement":{"enter":[null]},"ForOfStatement":{"enter":[null]}},"options":{}},{"key":"transform-meteor-async-await","visitor":{"AwaitExpression":{"enter":[null]},"_exploded":true,"_verified":true,"FunctionDeclaration":{"exit":[null]},"FunctionExpression":{"exit":[null]},"ObjectMethod":{"exit":[null]},"ArrowFunctionExpression":{"exit":[null]},"ClassMethod":{"exit":[null]},"ClassPrivateMethod":{"exit":[null]}},"options":{"useNativeAsyncAwait":false}},{"key":"proposal-async-generator-functions","visitor":{"_exploded":{},"_verified":{},"Program":{"enter":[null]}},"options":{}},{"key":"proposal-class-properties","visitor":{"PrivateName":{"enter":[null]},"ExportDefaultDeclaration":{"enter":[null]},"_exploded":true,"_verified":true,"ClassExpression":{"enter":[null]},"ClassDeclaration":{"enter":[null]}},"options":{"loose":true}},{"key":"transform-react-jsx","visitor":{"_exploded":{},"_verified":{},"JSXNamespacedName":{"enter":[null]},"JSXSpreadChild":{"enter":[null]},"Program":{"enter":[null]},"JSXElement":{"exit":[null]},"JSXFragment":{"exit":[null]},"JSXAttribute":{"enter":[null]}},"options":{"pragma":"React.createElement","pragmaFrag":"React.Fragment","runtime":"classic","throwIfNamespace":true,"useBuiltIns":false}},{"key":"transform-react-display-name","visitor":{"ExportDefaultDeclaration":{"enter":[null]},"CallExpression":{"enter":[null]},"_exploded":true,"_verified":true},"options":{}},{"key":"transform-react-pure-annotations","visitor":{"CallExpression":{"enter":[null]},"_exploded":true,"_verified":true},"options":{}},{"key":"syntax-nullish-coalescing-operator","visitor":{"_exploded":true,"_verified":true},"options":{}},{"key":"proposal-nullish-coalescing-operator","visitor":{"_exploded":{},"_verified":{},"LogicalExpression":{"enter":[null]}},"options":{}},{"key":"syntax-optional-chaining","visitor":{"_exploded":true,"_verified":true},"options":{}},{"key":"proposal-optional-chaining","visitor":{"_exploded":{},"_verified":{},"OptionalCallExpression":{"enter":[null]},"OptionalMemberExpression":{"enter":[null]}},"options":{}},{"key":"syntax-optional-catch-binding","visitor":{"_exploded":true,"_verified":true},"options":{}},{"key":"proposal-optional-catch-binding","visitor":{"_exploded":{},"_verified":{},"CatchClause":{"enter":[null]}},"options":{}},{"key":"syntax-class-properties","visitor":{"_exploded":true,"_verified":true},"options":{}},{"key":"proposal-class-properties","visitor":{"PrivateName":{"enter":[null]},"ExportDefaultDeclaration":{"enter":[null]},"_exploded":true,"_verified":true,"ClassExpression":{"enter":[null]},"ClassDeclaration":{"enter":[null]}},"options":{}},{"key":"syntax-async-generators","visitor":{"_exploded":true,"_verified":true},"options":{}},{"key":"proposal-async-generator-functions","visitor":{"_exploded":{},"_verified":{},"Program":{"enter":[null]}},"options":{}},{"key":"syntax-object-rest-spread","visitor":{"_exploded":true,"_verified":true},"options":{}},{"key":"proposal-object-rest-spread","visitor":{"_exploded":{},"_verified":{},"VariableDeclarator":{"enter":[null]},"ExportNamedDeclaration":{"enter":[null]},"CatchClause":{"enter":[null]},"AssignmentExpression":{"enter":[null]},"ArrayPattern":{"enter":[null]},"ObjectExpression":{"enter":[null]},"FunctionDeclaration":{"enter":[null]},"FunctionExpression":{"enter":[null]},"ObjectMethod":{"enter":[null]},"ArrowFunctionExpression":{"enter":[null]},"ClassMethod":{"enter":[null]},"ClassPrivateMethod":{"enter":[null]},"ForInStatement":{"enter":[null]},"ForOfStatement":{"enter":[null]}},"options":{}},{"key":"transform-literals","visitor":{"NumericLiteral":{"enter":[null]},"StringLiteral":{"enter":[null]},"_exploded":true,"_verified":true},"options":{}},{"key":"transform-template-literals","visitor":{"TaggedTemplateExpression":{"enter":[null]},"TemplateLiteral":{"enter":[null]},"_exploded":true,"_verified":true},"options":{}},{"key":"transform-parameters","visitor":{"_exploded":true,"_verified":true,"FunctionDeclaration":{"enter":[null]},"FunctionExpression":{"enter":[null]},"ObjectMethod":{"enter":[null]},"ArrowFunctionExpression":{"enter":[null]},"ClassMethod":{"enter":[null]},"ClassPrivateMethod":{"enter":[null]}},"options":{}},{"key":"transform-exponentiation-operator","visitor":{"AssignmentExpression":{"enter":[null]},"BinaryExpression":{"enter":[null]},"_exploded":true,"_verified":true},"options":{}}],"presets":[],"generatorOpts":{"filename":"C:\\Users\\andrejs\\Documents\\99_LU\\viziquer\\git\\viziquer-dss\\packages\\aldeed:schema-index\\lib\\indexing.js","comments":true,"compact":false,"sourceMaps":true,"sourceFileName":"packages/aldeed:schema-index/lib/indexing.js"}},"code":"// Extend the schema options allowed by SimpleSchema\nSimpleSchema.extendOptions({\n  index: Match.Optional(Match.OneOf(Number, String, Boolean)),\n  unique: Match.Optional(Boolean),\n  sparse: Match.Optional(Boolean)\n}); // Define validation error messages (legacy)\n\nif (!SimpleSchema.version || SimpleSchema.version < 2) {\n  SimpleSchema.messages({\n    notUnique: '[label] must be unique'\n  });\n}\n\nif (Meteor.isServer) {\n  Collection2.on('schema.attached', function (collection, ss) {\n    // Define validation error messages\n    if (ss.version >= 2) {\n      ss.messageBox.messages({\n        notUnique: '{{label}} must be unique'\n      });\n    }\n\n    function ensureIndex(index, indexName, unique, sparse) {\n      Meteor.startup(function () {\n        collection._collection._ensureIndex(index, {\n          background: true,\n          name: indexName,\n          unique: unique,\n          sparse: sparse\n        });\n      });\n    }\n\n    function dropIndex(indexName) {\n      Meteor.startup(function () {\n        try {\n          collection._collection._dropIndex(indexName);\n        } catch (err) {// no index with that name, which is what we want\n        }\n      });\n    }\n\n    const propName = ss.version === 2 ? 'mergedSchema' : 'schema'; // Loop over fields definitions and ensure collection indexes (server side only)\n\n    _.each(ss[propName](), function (definition, fieldName) {\n      if ('index' in definition || definition.unique === true) {\n        var index = {},\n            indexValue; // If they specified `unique: true` but not `index`,\n        // we assume `index: 1` to set up the unique index in mongo\n\n        if ('index' in definition) {\n          indexValue = definition.index;\n          if (indexValue === true) indexValue = 1;\n        } else {\n          indexValue = 1;\n        }\n\n        var indexName = 'c2_' + fieldName; // In the index object, we want object array keys without the \".$\" piece\n\n        var idxFieldName = fieldName.replace(/\\.\\$\\./g, \".\");\n        index[idxFieldName] = indexValue;\n        var unique = !!definition.unique && (indexValue === 1 || indexValue === -1);\n        var sparse = definition.sparse || false; // If unique and optional, force sparse to prevent errors\n\n        if (!sparse && unique && definition.optional) sparse = true;\n\n        if (indexValue === false) {\n          dropIndex(indexName);\n        } else {\n          ensureIndex(index, indexName, unique, sparse);\n        }\n      }\n    });\n  });\n}","map":{"version":3,"sources":["packages/aldeed:schema-index/lib/indexing.js"],"names":["SimpleSchema","extendOptions","index","Match","Optional","OneOf","Number","String","Boolean","unique","sparse","version","messages","notUnique","Meteor","isServer","Collection2","on","collection","ss","messageBox","ensureIndex","indexName","startup","_collection","_ensureIndex","background","name","dropIndex","_dropIndex","err","propName","_","each","definition","fieldName","indexValue","idxFieldName","replace","optional"],"mappings":"AAAA;AACAA,YAAY,CAACC,aAAb,CAA2B;AACzBC,EAAAA,KAAK,EAAEC,KAAK,CAACC,QAAN,CAAeD,KAAK,CAACE,KAAN,CAAYC,MAAZ,EAAoBC,MAApB,EAA4BC,OAA5B,CAAf,CADkB;AAEzBC,EAAAA,MAAM,EAAEN,KAAK,CAACC,QAAN,CAAeI,OAAf,CAFiB;AAGzBE,EAAAA,MAAM,EAAEP,KAAK,CAACC,QAAN,CAAeI,OAAf;AAHiB,CAA3B,E,CAMA;;AACA,IAAI,CAACR,YAAY,CAACW,OAAd,IAAyBX,YAAY,CAACW,OAAb,GAAuB,CAApD,EAAuD;AACrDX,EAAAA,YAAY,CAACY,QAAb,CAAsB;AACpBC,IAAAA,SAAS,EAAE;AADS,GAAtB;AAGD;;AAED,IAAIC,MAAM,CAACC,QAAX,EAAqB;AACnBC,EAAAA,WAAW,CAACC,EAAZ,CAAe,iBAAf,EAAkC,UAAUC,UAAV,EAAsBC,EAAtB,EAA0B;AAC1D;AACA,QAAIA,EAAE,CAACR,OAAH,IAAc,CAAlB,EAAqB;AACnBQ,MAAAA,EAAE,CAACC,UAAH,CAAcR,QAAd,CAAuB;AACrBC,QAAAA,SAAS,EAAE;AADU,OAAvB;AAGD;;AAED,aAASQ,WAAT,CAAqBnB,KAArB,EAA4BoB,SAA5B,EAAuCb,MAAvC,EAA+CC,MAA/C,EAAuD;AACrDI,MAAAA,MAAM,CAACS,OAAP,CAAe,YAAY;AACzBL,QAAAA,UAAU,CAACM,WAAX,CAAuBC,YAAvB,CAAoCvB,KAApC,EAA2C;AACzCwB,UAAAA,UAAU,EAAE,IAD6B;AAEzCC,UAAAA,IAAI,EAAEL,SAFmC;AAGzCb,UAAAA,MAAM,EAAEA,MAHiC;AAIzCC,UAAAA,MAAM,EAAEA;AAJiC,SAA3C;AAMD,OAPD;AAQD;;AAED,aAASkB,SAAT,CAAmBN,SAAnB,EAA8B;AAC5BR,MAAAA,MAAM,CAACS,OAAP,CAAe,YAAY;AACzB,YAAI;AACFL,UAAAA,UAAU,CAACM,WAAX,CAAuBK,UAAvB,CAAkCP,SAAlC;AACD,SAFD,CAEE,OAAOQ,GAAP,EAAY,CACZ;AACD;AACF,OAND;AAOD;;AAED,UAAMC,QAAQ,GAAGZ,EAAE,CAACR,OAAH,KAAe,CAAf,GAAmB,cAAnB,GAAoC,QAArD,CA7B0D,CA+B1D;;AACAqB,IAAAA,CAAC,CAACC,IAAF,CAAOd,EAAE,CAACY,QAAD,CAAF,EAAP,EAAuB,UAASG,UAAT,EAAqBC,SAArB,EAAgC;AACrD,UAAI,WAAWD,UAAX,IAAyBA,UAAU,CAACzB,MAAX,KAAsB,IAAnD,EAAyD;AACvD,YAAIP,KAAK,GAAG,EAAZ;AAAA,YAAgBkC,UAAhB,CADuD,CAEvD;AACA;;AACA,YAAI,WAAWF,UAAf,EAA2B;AACzBE,UAAAA,UAAU,GAAGF,UAAU,CAAChC,KAAxB;AACA,cAAIkC,UAAU,KAAK,IAAnB,EAAyBA,UAAU,GAAG,CAAb;AAC1B,SAHD,MAGO;AACLA,UAAAA,UAAU,GAAG,CAAb;AACD;;AACD,YAAId,SAAS,GAAG,QAAQa,SAAxB,CAVuD,CAWvD;;AACA,YAAIE,YAAY,GAAGF,SAAS,CAACG,OAAV,CAAkB,SAAlB,EAA6B,GAA7B,CAAnB;AACApC,QAAAA,KAAK,CAACmC,YAAD,CAAL,GAAsBD,UAAtB;AACA,YAAI3B,MAAM,GAAG,CAAC,CAACyB,UAAU,CAACzB,MAAb,KAAwB2B,UAAU,KAAK,CAAf,IAAoBA,UAAU,KAAK,CAAC,CAA5D,CAAb;AACA,YAAI1B,MAAM,GAAGwB,UAAU,CAACxB,MAAX,IAAqB,KAAlC,CAfuD,CAiBvD;;AACA,YAAI,CAACA,MAAD,IAAWD,MAAX,IAAqByB,UAAU,CAACK,QAApC,EAA8C7B,MAAM,GAAG,IAAT;;AAE9C,YAAI0B,UAAU,KAAK,KAAnB,EAA0B;AACxBR,UAAAA,SAAS,CAACN,SAAD,CAAT;AACD,SAFD,MAEO;AACLD,UAAAA,WAAW,CAACnB,KAAD,EAAQoB,SAAR,EAAmBb,MAAnB,EAA2BC,MAA3B,CAAX;AACD;AACF;AACF,KA3BD;AA4BD,GA5DD;AA6DD","sourcesContent":["// Extend the schema options allowed by SimpleSchema\nSimpleSchema.extendOptions({\n  index: Match.Optional(Match.OneOf(Number, String, Boolean)),\n  unique: Match.Optional(Boolean),\n  sparse: Match.Optional(Boolean),\n});\n\n// Define validation error messages (legacy)\nif (!SimpleSchema.version || SimpleSchema.version < 2) {\n  SimpleSchema.messages({\n    notUnique: '[label] must be unique',\n  });\n}\n\nif (Meteor.isServer) {\n  Collection2.on('schema.attached', function (collection, ss) {\n    // Define validation error messages\n    if (ss.version >= 2) {\n      ss.messageBox.messages({\n        notUnique: '{{label}} must be unique',\n      });\n    }\n\n    function ensureIndex(index, indexName, unique, sparse) {\n      Meteor.startup(function () {\n        collection._collection._ensureIndex(index, {\n          background: true,\n          name: indexName,\n          unique: unique,\n          sparse: sparse\n        });\n      });\n    }\n\n    function dropIndex(indexName) {\n      Meteor.startup(function () {\n        try {\n          collection._collection._dropIndex(indexName);\n        } catch (err) {\n          // no index with that name, which is what we want\n        }\n      });\n    }\n\n    const propName = ss.version === 2 ? 'mergedSchema' : 'schema';\n\n    // Loop over fields definitions and ensure collection indexes (server side only)\n    _.each(ss[propName](), function(definition, fieldName) {\n      if ('index' in definition || definition.unique === true) {\n        var index = {}, indexValue;\n        // If they specified `unique: true` but not `index`,\n        // we assume `index: 1` to set up the unique index in mongo\n        if ('index' in definition) {\n          indexValue = definition.index;\n          if (indexValue === true) indexValue = 1;\n        } else {\n          indexValue = 1;\n        }\n        var indexName = 'c2_' + fieldName;\n        // In the index object, we want object array keys without the \".$\" piece\n        var idxFieldName = fieldName.replace(/\\.\\$\\./g, \".\");\n        index[idxFieldName] = indexValue;\n        var unique = !!definition.unique && (indexValue === 1 || indexValue === -1);\n        var sparse = definition.sparse || false;\n\n        // If unique and optional, force sparse to prevent errors\n        if (!sparse && unique && definition.optional) sparse = true;\n\n        if (indexValue === false) {\n          dropIndex(indexName);\n        } else {\n          ensureIndex(index, indexName, unique, sparse);\n        }\n      }\n    });\n  });\n}"]},"sourceType":"module","hash":"1505c7c878054674b53289beadc48444404dcf6e"}
