{"metadata":{},"options":{"assumptions":{},"compact":false,"sourceMaps":true,"ast":true,"babelrc":false,"configFile":false,"parserOpts":{"sourceType":"module","sourceFileName":"C:\\Users\\andrejs\\Documents\\99_LU\\viziquer\\git\\viziquer-dss\\packages\\random\\createRandom.js","plugins":["*","flow","jsx","asyncGenerators","bigInt","classPrivateMethods","classPrivateProperties","classProperties","doExpressions","dynamicImport","exportDefaultFrom","exportExtensions","exportNamespaceFrom","functionBind","functionSent","importMeta","nullishCoalescingOperator","numericSeparator","objectRestSpread","optionalCatchBinding","optionalChaining",["pipelineOperator",{"proposal":"minimal"}],"throwExpressions","classProperties","classPrivateProperties","jsx","nullishCoalescingOperator","nullishCoalescingOperator","optionalChaining","optionalChaining","optionalCatchBinding","optionalCatchBinding","classProperties","classPrivateProperties","classPrivateMethods","classProperties","classPrivateProperties","asyncGenerators","asyncGenerators","objectRestSpread","objectRestSpread"],"allowImportExportEverywhere":true,"allowReturnOutsideFunction":true,"allowUndeclaredExports":true,"strictMode":false},"caller":{"name":"meteor","arch":"web.browser.legacy"},"sourceFileName":"packages/random/createRandom.js","filename":"C:\\Users\\andrejs\\Documents\\99_LU\\viziquer\\git\\viziquer-dss\\packages\\random\\createRandom.js","targets":{},"cloneInputAst":true,"browserslistConfigFile":false,"passPerPreset":false,"envName":"development","cwd":"C:\\Users\\andrejs\\Documents\\99_LU\\viziquer\\git\\viziquer-dss","root":"C:\\Users\\andrejs\\Documents\\99_LU\\viziquer\\git\\viziquer-dss","rootMode":"root","plugins":[{"key":"base$0","visitor":{"_exploded":true,"_verified":true},"options":{}},{"key":"base$0$0","visitor":{"Program":{"enter":[null],"exit":[null]},"_exploded":true,"_verified":true},"options":{"avoidModernSyntax":true,"enforceStrictMode":false,"dynamicImport":true}},{"key":"transform-runtime","visitor":{"MemberExpression":{"enter":[null]},"ObjectPattern":{"enter":[null]},"BinaryExpression":{"enter":[null]},"_exploded":{},"_verified":{},"Identifier":{"enter":[null]},"JSXIdentifier":{"enter":[null]}},"options":{"version":"7.13.10","helpers":true,"useESModules":false,"corejs":false}},{"key":"proposal-class-properties","visitor":{"PrivateName":{"enter":[null]},"ExportDefaultDeclaration":{"enter":[null]},"_exploded":true,"_verified":true,"ClassExpression":{"enter":[null]},"ClassDeclaration":{"enter":[null]}},"options":{"loose":true}},{"key":"base$0$3","visitor":{"FunctionExpression":{"exit":[null]},"_exploded":true,"_verified":true},"options":{}},{"key":"base$0$4","visitor":{"ForInStatement":{"enter":[null]},"_exploded":true,"_verified":true},"options":{}},{"key":"transform-react-jsx","visitor":{"_exploded":{},"_verified":{},"JSXNamespacedName":{"enter":[null]},"JSXSpreadChild":{"enter":[null]},"Program":{"enter":[null]},"JSXElement":{"exit":[null]},"JSXFragment":{"exit":[null]},"JSXAttribute":{"enter":[null]}},"options":{"pragma":"React.createElement","pragmaFrag":"React.Fragment","runtime":"classic","throwIfNamespace":true,"useBuiltIns":false}},{"key":"transform-react-display-name","visitor":{"ExportDefaultDeclaration":{"enter":[null]},"CallExpression":{"enter":[null]},"_exploded":true,"_verified":true},"options":{}},{"key":"transform-react-pure-annotations","visitor":{"CallExpression":{"enter":[null]},"_exploded":true,"_verified":true},"options":{}},{"key":"syntax-nullish-coalescing-operator","visitor":{"_exploded":true,"_verified":true},"options":{}},{"key":"proposal-nullish-coalescing-operator","visitor":{"_exploded":{},"_verified":{},"LogicalExpression":{"enter":[null]}},"options":{}},{"key":"syntax-optional-chaining","visitor":{"_exploded":true,"_verified":true},"options":{}},{"key":"proposal-optional-chaining","visitor":{"_exploded":{},"_verified":{},"OptionalCallExpression":{"enter":[null]},"OptionalMemberExpression":{"enter":[null]}},"options":{}},{"key":"syntax-optional-catch-binding","visitor":{"_exploded":true,"_verified":true},"options":{}},{"key":"proposal-optional-catch-binding","visitor":{"_exploded":{},"_verified":{},"CatchClause":{"enter":[null]}},"options":{}},{"key":"syntax-class-properties","visitor":{"_exploded":true,"_verified":true},"options":{}},{"key":"proposal-class-properties","visitor":{"PrivateName":{"enter":[null]},"ExportDefaultDeclaration":{"enter":[null]},"_exploded":true,"_verified":true,"ClassExpression":{"enter":[null]},"ClassDeclaration":{"enter":[null]}},"options":{}},{"key":"syntax-async-generators","visitor":{"_exploded":true,"_verified":true},"options":{}},{"key":"proposal-async-generator-functions","visitor":{"_exploded":{},"_verified":{},"Program":{"enter":[null]}},"options":{}},{"key":"syntax-object-rest-spread","visitor":{"_exploded":true,"_verified":true},"options":{}},{"key":"proposal-object-rest-spread","visitor":{"_exploded":{},"_verified":{},"VariableDeclarator":{"enter":[null]},"ExportNamedDeclaration":{"enter":[null]},"CatchClause":{"enter":[null]},"AssignmentExpression":{"enter":[null]},"ArrayPattern":{"enter":[null]},"ObjectExpression":{"enter":[null]},"FunctionDeclaration":{"enter":[null]},"FunctionExpression":{"enter":[null]},"ObjectMethod":{"enter":[null]},"ArrowFunctionExpression":{"enter":[null]},"ClassMethod":{"enter":[null]},"ClassPrivateMethod":{"enter":[null]},"ForInStatement":{"enter":[null]},"ForOfStatement":{"enter":[null]}},"options":{}},{"key":"transform-arrow-functions","visitor":{"ArrowFunctionExpression":{"enter":[null]},"_exploded":true,"_verified":true},"options":{}},{"key":"transform-block-scoped-functions","visitor":{"BlockStatement":{"enter":[null]},"SwitchCase":{"enter":[null]},"_exploded":true,"_verified":true},"options":{}},{"key":"transform-block-scoping","visitor":{"VariableDeclaration":{"enter":[null]},"CatchClause":{"enter":[null]},"_exploded":true,"BlockStatement":{"enter":[null]},"SwitchStatement":{"enter":[null]},"Program":{"enter":[null]},"_verified":true,"DoWhileStatement":{"enter":[null]},"ForInStatement":{"enter":[null]},"ForStatement":{"enter":[null]},"WhileStatement":{"enter":[null]},"ForOfStatement":{"enter":[null]}},"options":{}},{"key":"transform-classes","visitor":{"ExportDefaultDeclaration":{"enter":[null]},"ClassDeclaration":{"enter":[null]},"ClassExpression":{"enter":[null]},"_exploded":true,"_verified":true},"options":{"loose":true}},{"key":"transform-computed-properties","visitor":{"ObjectExpression":{"exit":[null]},"_exploded":true,"_verified":true},"options":{"loose":true}},{"key":"transform-destructuring","visitor":{"ExportNamedDeclaration":{"enter":[null]},"CatchClause":{"enter":[null]},"AssignmentExpression":{"enter":[null]},"VariableDeclaration":{"enter":[null]},"_exploded":true,"_verified":true,"ForInStatement":{"enter":[null]},"ForOfStatement":{"enter":[null]}},"options":{}},{"key":"transform-for-of","visitor":{"ForOfStatement":{"enter":[null]},"_exploded":true,"_verified":true},"options":{"loose":true}},{"key":"transform-literals","visitor":{"NumericLiteral":{"enter":[null]},"StringLiteral":{"enter":[null]},"_exploded":true,"_verified":true},"options":{}},{"key":"transform-object-super","visitor":{"ObjectExpression":{"enter":[null]},"_exploded":true,"_verified":true},"options":{}},{"key":"transform-parameters","visitor":{"_exploded":true,"_verified":true,"FunctionDeclaration":{"enter":[null]},"FunctionExpression":{"enter":[null]},"ObjectMethod":{"enter":[null]},"ArrowFunctionExpression":{"enter":[null]},"ClassMethod":{"enter":[null]},"ClassPrivateMethod":{"enter":[null]}},"options":{}},{"key":"transform-shorthand-properties","visitor":{"ObjectMethod":{"enter":[null]},"ObjectProperty":{"enter":[null]},"_exploded":true,"_verified":true},"options":{}},{"key":"transform-spread","visitor":{"ArrayExpression":{"enter":[null]},"CallExpression":{"enter":[null]},"NewExpression":{"enter":[null]},"_exploded":true,"_verified":true},"options":{}},{"key":"transform-sticky-regex","visitor":{"RegExpLiteral":{"enter":[null]},"_exploded":true,"_verified":true},"options":{}},{"key":"transform-template-literals","visitor":{"TaggedTemplateExpression":{"enter":[null]},"TemplateLiteral":{"enter":[null]},"_exploded":true,"_verified":true},"options":{"loose":true}},{"key":"transform-typeof-symbol","visitor":{"UnaryExpression":{"enter":[null]},"_exploded":true,"_verified":true,"BlockStatement":{"enter":[null]},"CatchClause":{"enter":[null]},"DoWhileStatement":{"enter":[null]},"ForInStatement":{"enter":[null]},"ForStatement":{"enter":[null]},"FunctionDeclaration":{"enter":[null]},"FunctionExpression":{"enter":[null]},"Program":{"enter":[null]},"ObjectMethod":{"enter":[null]},"SwitchStatement":{"enter":[null]},"WhileStatement":{"enter":[null]},"ArrowFunctionExpression":{"enter":[null]},"ClassExpression":{"enter":[null]},"ClassDeclaration":{"enter":[null]},"ForOfStatement":{"enter":[null]},"ClassMethod":{"enter":[null]},"ClassPrivateMethod":{"enter":[null]},"StaticBlock":{"enter":[null]},"TSModuleBlock":{"enter":[null]},"AssignmentPattern":{"enter":[null]},"ArrayPattern":{"enter":[null]},"ObjectPattern":{"enter":[null]}},"options":{}},{"key":"transform-unicode-regex","visitor":{"RegExpLiteral":{"enter":[null]},"_exploded":true,"_verified":true},"options":{}},{"key":"transform-property-literals","visitor":{"ObjectProperty":{"exit":[null]},"_exploded":true,"_verified":true},"options":{}},{"key":"transform-exponentiation-operator","visitor":{"AssignmentExpression":{"enter":[null]},"BinaryExpression":{"enter":[null]},"_exploded":true,"_verified":true},"options":{}},{"key":"regenerator-transform","visitor":{"_exploded":true,"_verified":true,"ObjectMethod":{"enter":[null],"exit":[null]},"ClassMethod":{"enter":[null],"exit":[null]},"ClassPrivateMethod":{"enter":[null],"exit":[null]},"FunctionDeclaration":{"exit":[null]},"FunctionExpression":{"exit":[null]},"ArrowFunctionExpression":{"exit":[null]}},"options":{}}],"presets":[],"generatorOpts":{"filename":"C:\\Users\\andrejs\\Documents\\99_LU\\viziquer\\git\\viziquer-dss\\packages\\random\\createRandom.js","comments":true,"compact":false,"sourceMaps":true,"sourceFileName":"packages/random/createRandom.js"}},"code":"module.export({\n  \"default\": function () {\n    return createRandom;\n  }\n});\nvar AleaRandomGenerator;\nmodule.link(\"./AleaRandomGenerator\", {\n  \"default\": function (v) {\n    AleaRandomGenerator = v;\n  }\n}, 0);\nvar createAleaGeneratorWithGeneratedSeed;\nmodule.link(\"./createAleaGenerator\", {\n  \"default\": function (v) {\n    createAleaGeneratorWithGeneratedSeed = v;\n  }\n}, 1);\n\nfunction createRandom(generator) {\n  // Create a non-cryptographically secure PRNG with a given seed (using\n  // the Alea algorithm)\n  generator.createWithSeeds = function () {\n    for (var _len = arguments.length, seeds = new Array(_len), _key = 0; _key < _len; _key++) {\n      seeds[_key] = arguments[_key];\n    }\n\n    if (seeds.length === 0) {\n      throw new Error('No seeds were provided');\n    }\n\n    return new AleaRandomGenerator({\n      seeds: seeds\n    });\n  }; // Used like `Random`, but much faster and not cryptographically\n  // secure\n\n\n  generator.insecure = createAleaGeneratorWithGeneratedSeed();\n  return generator;\n}","map":{"version":3,"sources":["packages/random/createRandom.js"],"names":["module","export","createRandom","AleaRandomGenerator","link","v","createAleaGeneratorWithGeneratedSeed","generator","createWithSeeds","seeds","length","Error","insecure"],"mappings":"AAAAA,MAAM,CAACC,MAAP,CAAc;AAAC,aAAQ,YAAU;AAAC,WAAOC,YAAP;AAAoB;AAAxC,CAAd;AAAyD,IAAIC,mBAAJ;AAAwBH,MAAM,CAACI,IAAP,CAAY,uBAAZ,EAAoC;AAAC,aAAQ,UAASC,CAAT,EAAW;AAACF,IAAAA,mBAAmB,GAACE,CAApB;AAAsB;AAA3C,CAApC,EAAiF,CAAjF;AAAoF,IAAIC,oCAAJ;AAAyCN,MAAM,CAACI,IAAP,CAAY,uBAAZ,EAAoC;AAAC,aAAQ,UAASC,CAAT,EAAW;AAACC,IAAAA,oCAAoC,GAACD,CAArC;AAAuC;AAA5D,CAApC,EAAkG,CAAlG;;AAG/L,SAASH,YAAT,CAAsBK,SAAtB,EAAiC;AAC9C;AACA;AACAA,EAAAA,SAAS,CAACC,eAAV,GAA4B,YAAc;AAAA,sCAAVC,KAAU;AAAVA,MAAAA,KAAU;AAAA;;AACxC,QAAIA,KAAK,CAACC,MAAN,KAAiB,CAArB,EAAwB;AACtB,YAAM,IAAIC,KAAJ,CAAU,wBAAV,CAAN;AACD;;AACD,WAAO,IAAIR,mBAAJ,CAAwB;AAAEM,MAAAA,KAAK,EAALA;AAAF,KAAxB,CAAP;AACD,GALD,CAH8C,CAU9C;AACA;;;AACAF,EAAAA,SAAS,CAACK,QAAV,GAAqBN,oCAAoC,EAAzD;AAEA,SAAOC,SAAP;AACD","sourcesContent":["import AleaRandomGenerator from './AleaRandomGenerator'\nimport createAleaGeneratorWithGeneratedSeed from './createAleaGenerator';\n\nexport default function createRandom(generator) {\n  // Create a non-cryptographically secure PRNG with a given seed (using\n  // the Alea algorithm)\n  generator.createWithSeeds = (...seeds) => {\n    if (seeds.length === 0) {\n      throw new Error('No seeds were provided');\n    }\n    return new AleaRandomGenerator({ seeds });\n  };\n\n  // Used like `Random`, but much faster and not cryptographically\n  // secure\n  generator.insecure = createAleaGeneratorWithGeneratedSeed();\n\n  return generator;\n}\n"]},"sourceType":"module","hash":"150b7e8dce6f17a981dc383c838fddd8146fad3a"}
