{"metadata":{},"options":{"assumptions":{},"compact":false,"sourceMaps":true,"ast":true,"babelrc":false,"configFile":false,"parserOpts":{"sourceType":"module","sourceFileName":"C:\\Users\\andrejs\\Documents\\99_LU\\viziquer\\tmp\\viziquerdss\\packages\\check\\isPlainObject.js","plugins":["*","flow","jsx","asyncGenerators","bigInt","classPrivateMethods","classPrivateProperties","classProperties","doExpressions","dynamicImport","exportDefaultFrom","exportExtensions","exportNamespaceFrom","functionBind","functionSent","importMeta","nullishCoalescingOperator","numericSeparator","objectRestSpread","optionalCatchBinding","optionalChaining",["pipelineOperator",{"proposal":"minimal"}],"throwExpressions","objectRestSpread","objectRestSpread","asyncGenerators","classProperties","classPrivateProperties","jsx","nullishCoalescingOperator","nullishCoalescingOperator","optionalChaining","optionalChaining","optionalCatchBinding","optionalCatchBinding","classProperties","classPrivateProperties","classPrivateMethods","classProperties","classPrivateProperties","asyncGenerators","asyncGenerators","objectRestSpread","objectRestSpread"],"allowImportExportEverywhere":true,"allowReturnOutsideFunction":true,"allowUndeclaredExports":true,"strictMode":false},"caller":{"name":"meteor","arch":"os.windows.x86_64"},"sourceFileName":"packages/check/isPlainObject.js","filename":"C:\\Users\\andrejs\\Documents\\99_LU\\viziquer\\tmp\\viziquerdss\\packages\\check\\isPlainObject.js","targets":{},"cloneInputAst":true,"browserslistConfigFile":false,"passPerPreset":false,"envName":"development","cwd":"C:\\Users\\andrejs\\Documents\\99_LU\\viziquer\\tmp\\viziquerdss","root":"C:\\Users\\andrejs\\Documents\\99_LU\\viziquer\\tmp\\viziquerdss","rootMode":"root","plugins":[{"key":"base$0","visitor":{"_exploded":true,"_verified":true},"options":{}},{"key":"base$0$0","visitor":{"Program":{"enter":[null],"exit":[null]},"_exploded":true,"_verified":true},"options":{"avoidModernSyntax":false,"enforceStrictMode":false,"dynamicImport":true,"generateLetDeclarations":true}},{"key":"transform-runtime","visitor":{"MemberExpression":{"enter":[null]},"ObjectPattern":{"enter":[null]},"BinaryExpression":{"enter":[null]},"_exploded":{},"_verified":{},"Identifier":{"enter":[null]},"JSXIdentifier":{"enter":[null]}},"options":{"version":"7.13.10","helpers":true,"useESModules":false,"corejs":false}},{"key":"syntax-object-rest-spread","visitor":{"_exploded":true,"_verified":true},"options":{}},{"key":"proposal-object-rest-spread","visitor":{"_exploded":{},"_verified":{},"VariableDeclarator":{"enter":[null]},"ExportNamedDeclaration":{"enter":[null]},"CatchClause":{"enter":[null]},"AssignmentExpression":{"enter":[null]},"ArrayPattern":{"enter":[null]},"ObjectExpression":{"enter":[null]},"FunctionDeclaration":{"enter":[null]},"FunctionExpression":{"enter":[null]},"ObjectMethod":{"enter":[null]},"ArrowFunctionExpression":{"enter":[null]},"ClassMethod":{"enter":[null]},"ClassPrivateMethod":{"enter":[null]},"ForInStatement":{"enter":[null]},"ForOfStatement":{"enter":[null]}},"options":{}},{"key":"transform-meteor-async-await","visitor":{"AwaitExpression":{"enter":[null]},"_exploded":true,"_verified":true,"FunctionDeclaration":{"exit":[null]},"FunctionExpression":{"exit":[null]},"ObjectMethod":{"exit":[null]},"ArrowFunctionExpression":{"exit":[null]},"ClassMethod":{"exit":[null]},"ClassPrivateMethod":{"exit":[null]}},"options":{"useNativeAsyncAwait":false}},{"key":"proposal-async-generator-functions","visitor":{"_exploded":{},"_verified":{},"Program":{"enter":[null]}},"options":{}},{"key":"proposal-class-properties","visitor":{"PrivateName":{"enter":[null]},"ExportDefaultDeclaration":{"enter":[null]},"_exploded":true,"_verified":true,"ClassExpression":{"enter":[null]},"ClassDeclaration":{"enter":[null]}},"options":{"loose":true}},{"key":"transform-react-jsx","visitor":{"_exploded":{},"_verified":{},"JSXNamespacedName":{"enter":[null]},"JSXSpreadChild":{"enter":[null]},"Program":{"enter":[null]},"JSXElement":{"exit":[null]},"JSXFragment":{"exit":[null]},"JSXAttribute":{"enter":[null]}},"options":{"pragma":"React.createElement","pragmaFrag":"React.Fragment","runtime":"classic","throwIfNamespace":true,"useBuiltIns":false}},{"key":"transform-react-display-name","visitor":{"ExportDefaultDeclaration":{"enter":[null]},"CallExpression":{"enter":[null]},"_exploded":true,"_verified":true},"options":{}},{"key":"transform-react-pure-annotations","visitor":{"CallExpression":{"enter":[null]},"_exploded":true,"_verified":true},"options":{}},{"key":"syntax-nullish-coalescing-operator","visitor":{"_exploded":true,"_verified":true},"options":{}},{"key":"proposal-nullish-coalescing-operator","visitor":{"_exploded":{},"_verified":{},"LogicalExpression":{"enter":[null]}},"options":{}},{"key":"syntax-optional-chaining","visitor":{"_exploded":true,"_verified":true},"options":{}},{"key":"proposal-optional-chaining","visitor":{"_exploded":{},"_verified":{},"OptionalCallExpression":{"enter":[null]},"OptionalMemberExpression":{"enter":[null]}},"options":{}},{"key":"syntax-optional-catch-binding","visitor":{"_exploded":true,"_verified":true},"options":{}},{"key":"proposal-optional-catch-binding","visitor":{"_exploded":{},"_verified":{},"CatchClause":{"enter":[null]}},"options":{}},{"key":"syntax-class-properties","visitor":{"_exploded":true,"_verified":true},"options":{}},{"key":"proposal-class-properties","visitor":{"PrivateName":{"enter":[null]},"ExportDefaultDeclaration":{"enter":[null]},"_exploded":true,"_verified":true,"ClassExpression":{"enter":[null]},"ClassDeclaration":{"enter":[null]}},"options":{}},{"key":"syntax-async-generators","visitor":{"_exploded":true,"_verified":true},"options":{}},{"key":"proposal-async-generator-functions","visitor":{"_exploded":{},"_verified":{},"Program":{"enter":[null]}},"options":{}},{"key":"syntax-object-rest-spread","visitor":{"_exploded":true,"_verified":true},"options":{}},{"key":"proposal-object-rest-spread","visitor":{"_exploded":{},"_verified":{},"VariableDeclarator":{"enter":[null]},"ExportNamedDeclaration":{"enter":[null]},"CatchClause":{"enter":[null]},"AssignmentExpression":{"enter":[null]},"ArrayPattern":{"enter":[null]},"ObjectExpression":{"enter":[null]},"FunctionDeclaration":{"enter":[null]},"FunctionExpression":{"enter":[null]},"ObjectMethod":{"enter":[null]},"ArrowFunctionExpression":{"enter":[null]},"ClassMethod":{"enter":[null]},"ClassPrivateMethod":{"enter":[null]},"ForInStatement":{"enter":[null]},"ForOfStatement":{"enter":[null]}},"options":{}},{"key":"transform-literals","visitor":{"NumericLiteral":{"enter":[null]},"StringLiteral":{"enter":[null]},"_exploded":true,"_verified":true},"options":{}},{"key":"transform-template-literals","visitor":{"TaggedTemplateExpression":{"enter":[null]},"TemplateLiteral":{"enter":[null]},"_exploded":true,"_verified":true},"options":{}},{"key":"transform-parameters","visitor":{"_exploded":true,"_verified":true,"FunctionDeclaration":{"enter":[null]},"FunctionExpression":{"enter":[null]},"ObjectMethod":{"enter":[null]},"ArrowFunctionExpression":{"enter":[null]},"ClassMethod":{"enter":[null]},"ClassPrivateMethod":{"enter":[null]}},"options":{}},{"key":"transform-exponentiation-operator","visitor":{"AssignmentExpression":{"enter":[null]},"BinaryExpression":{"enter":[null]},"_exploded":true,"_verified":true},"options":{}}],"presets":[],"generatorOpts":{"filename":"C:\\Users\\andrejs\\Documents\\99_LU\\viziquer\\tmp\\viziquerdss\\packages\\check\\isPlainObject.js","comments":true,"compact":false,"sourceMaps":true,"sourceFileName":"packages/check/isPlainObject.js"}},"code":"module.export({\n  isPlainObject: () => isPlainObject\n});\n// Copy of jQuery.isPlainObject for the server side from jQuery v3.1.1.\nconst class2type = {};\nconst toString = class2type.toString;\nconst hasOwn = Object.prototype.hasOwnProperty;\nconst fnToString = hasOwn.toString;\nconst ObjectFunctionString = fnToString.call(Object);\nconst getProto = Object.getPrototypeOf;\n\nconst isPlainObject = obj => {\n  let proto;\n  let Ctor; // Detect obvious negatives\n  // Use toString instead of jQuery.type to catch host objects\n\n  if (!obj || toString.call(obj) !== '[object Object]') {\n    return false;\n  }\n\n  proto = getProto(obj); // Objects with no prototype (e.g., `Object.create( null )`) are plain\n\n  if (!proto) {\n    return true;\n  } // Objects with prototype are plain iff they were constructed by a global Object function\n\n\n  Ctor = hasOwn.call(proto, 'constructor') && proto.constructor;\n  return typeof Ctor === 'function' && fnToString.call(Ctor) === ObjectFunctionString;\n};","map":{"version":3,"sources":["packages/check/isPlainObject.js"],"names":["module","export","isPlainObject","class2type","toString","hasOwn","Object","prototype","hasOwnProperty","fnToString","ObjectFunctionString","call","getProto","getPrototypeOf","obj","proto","Ctor","constructor"],"mappings":"AAAAA,MAAM,CAACC,MAAP,CAAc;AAACC,EAAAA,aAAa,EAAC,MAAIA;AAAnB,CAAd;AAAA;AAEA,MAAMC,UAAU,GAAG,EAAnB;AAEA,MAAMC,QAAQ,GAAGD,UAAU,CAACC,QAA5B;AAEA,MAAMC,MAAM,GAAGC,MAAM,CAACC,SAAP,CAAiBC,cAAhC;AAEA,MAAMC,UAAU,GAAGJ,MAAM,CAACD,QAA1B;AAEA,MAAMM,oBAAoB,GAAGD,UAAU,CAACE,IAAX,CAAgBL,MAAhB,CAA7B;AAEA,MAAMM,QAAQ,GAAGN,MAAM,CAACO,cAAxB;;AAEO,MAAMX,aAAa,GAAGY,GAAG,IAAI;AAClC,MAAIC,KAAJ;AACA,MAAIC,IAAJ,CAFkC,CAIlC;AACA;;AACA,MAAI,CAACF,GAAD,IAAQV,QAAQ,CAACO,IAAT,CAAcG,GAAd,MAAuB,iBAAnC,EAAsD;AACpD,WAAO,KAAP;AACD;;AAEDC,EAAAA,KAAK,GAAGH,QAAQ,CAACE,GAAD,CAAhB,CAVkC,CAYlC;;AACA,MAAI,CAACC,KAAL,EAAY;AACV,WAAO,IAAP;AACD,GAfiC,CAiBlC;;;AACAC,EAAAA,IAAI,GAAGX,MAAM,CAACM,IAAP,CAAYI,KAAZ,EAAmB,aAAnB,KAAqCA,KAAK,CAACE,WAAlD;AACA,SAAO,OAAOD,IAAP,KAAgB,UAAhB,IACLP,UAAU,CAACE,IAAX,CAAgBK,IAAhB,MAA0BN,oBAD5B;AAED,CArBM","sourcesContent":["// Copy of jQuery.isPlainObject for the server side from jQuery v3.1.1.\n\nconst class2type = {};\n\nconst toString = class2type.toString;\n\nconst hasOwn = Object.prototype.hasOwnProperty;\n\nconst fnToString = hasOwn.toString;\n\nconst ObjectFunctionString = fnToString.call(Object);\n\nconst getProto = Object.getPrototypeOf;\n\nexport const isPlainObject = obj => {\n  let proto;\n  let Ctor;\n\n  // Detect obvious negatives\n  // Use toString instead of jQuery.type to catch host objects\n  if (!obj || toString.call(obj) !== '[object Object]') {\n    return false;\n  }\n\n  proto = getProto(obj);\n\n  // Objects with no prototype (e.g., `Object.create( null )`) are plain\n  if (!proto) {\n    return true;\n  }\n\n  // Objects with prototype are plain iff they were constructed by a global Object function\n  Ctor = hasOwn.call(proto, 'constructor') && proto.constructor;\n  return typeof Ctor === 'function' && \n    fnToString.call(Ctor) === ObjectFunctionString;\n};\n"]},"sourceType":"module","hash":"15be1254fee5eee9811230163e8be247c3e2e5e3"}
