{"metadata":{},"options":{"assumptions":{},"compact":false,"sourceMaps":true,"ast":true,"babelrc":false,"configFile":false,"parserOpts":{"sourceType":"module","sourceFileName":"C:\\Users\\andrejs\\Documents\\99_LU\\viziquer\\git\\viziquer-dss\\packages\\minimongo\\cursor.js","plugins":["*","flow","jsx","asyncGenerators","bigInt","classPrivateMethods","classPrivateProperties","classProperties","doExpressions","dynamicImport","exportDefaultFrom","exportExtensions","exportNamespaceFrom","functionBind","functionSent","importMeta","nullishCoalescingOperator","numericSeparator","objectRestSpread","optionalCatchBinding","optionalChaining",["pipelineOperator",{"proposal":"minimal"}],"throwExpressions","classProperties","classPrivateProperties","jsx","nullishCoalescingOperator","nullishCoalescingOperator","optionalChaining","optionalChaining","optionalCatchBinding","optionalCatchBinding","classProperties","classPrivateProperties","classPrivateMethods","classProperties","classPrivateProperties","asyncGenerators","asyncGenerators","objectRestSpread","objectRestSpread"],"allowImportExportEverywhere":true,"allowReturnOutsideFunction":true,"allowUndeclaredExports":true,"strictMode":false},"caller":{"name":"meteor","arch":"web.browser.legacy"},"sourceFileName":"packages/minimongo/cursor.js","filename":"C:\\Users\\andrejs\\Documents\\99_LU\\viziquer\\git\\viziquer-dss\\packages\\minimongo\\cursor.js","targets":{},"cloneInputAst":true,"browserslistConfigFile":false,"passPerPreset":false,"envName":"development","cwd":"C:\\Users\\andrejs\\Documents\\99_LU\\viziquer\\git\\viziquer-dss","root":"C:\\Users\\andrejs\\Documents\\99_LU\\viziquer\\git\\viziquer-dss","rootMode":"root","plugins":[{"key":"base$0","visitor":{"_exploded":true,"_verified":true},"options":{}},{"key":"base$0$0","visitor":{"Program":{"enter":[null],"exit":[null]},"_exploded":true,"_verified":true},"options":{"avoidModernSyntax":true,"enforceStrictMode":false,"dynamicImport":true}},{"key":"transform-runtime","visitor":{"MemberExpression":{"enter":[null]},"ObjectPattern":{"enter":[null]},"BinaryExpression":{"enter":[null]},"_exploded":{},"_verified":{},"Identifier":{"enter":[null]},"JSXIdentifier":{"enter":[null]}},"options":{"version":"7.13.10","helpers":true,"useESModules":false,"corejs":false}},{"key":"proposal-class-properties","visitor":{"PrivateName":{"enter":[null]},"ExportDefaultDeclaration":{"enter":[null]},"_exploded":true,"_verified":true,"ClassExpression":{"enter":[null]},"ClassDeclaration":{"enter":[null]}},"options":{"loose":true}},{"key":"base$0$3","visitor":{"FunctionExpression":{"exit":[null]},"_exploded":true,"_verified":true},"options":{}},{"key":"base$0$4","visitor":{"ForInStatement":{"enter":[null]},"_exploded":true,"_verified":true},"options":{}},{"key":"transform-react-jsx","visitor":{"_exploded":{},"_verified":{},"JSXNamespacedName":{"enter":[null]},"JSXSpreadChild":{"enter":[null]},"Program":{"enter":[null]},"JSXElement":{"exit":[null]},"JSXFragment":{"exit":[null]},"JSXAttribute":{"enter":[null]}},"options":{"pragma":"React.createElement","pragmaFrag":"React.Fragment","runtime":"classic","throwIfNamespace":true,"useBuiltIns":false}},{"key":"transform-react-display-name","visitor":{"ExportDefaultDeclaration":{"enter":[null]},"CallExpression":{"enter":[null]},"_exploded":true,"_verified":true},"options":{}},{"key":"transform-react-pure-annotations","visitor":{"CallExpression":{"enter":[null]},"_exploded":true,"_verified":true},"options":{}},{"key":"syntax-nullish-coalescing-operator","visitor":{"_exploded":true,"_verified":true},"options":{}},{"key":"proposal-nullish-coalescing-operator","visitor":{"_exploded":{},"_verified":{},"LogicalExpression":{"enter":[null]}},"options":{}},{"key":"syntax-optional-chaining","visitor":{"_exploded":true,"_verified":true},"options":{}},{"key":"proposal-optional-chaining","visitor":{"_exploded":{},"_verified":{},"OptionalCallExpression":{"enter":[null]},"OptionalMemberExpression":{"enter":[null]}},"options":{}},{"key":"syntax-optional-catch-binding","visitor":{"_exploded":true,"_verified":true},"options":{}},{"key":"proposal-optional-catch-binding","visitor":{"_exploded":{},"_verified":{},"CatchClause":{"enter":[null]}},"options":{}},{"key":"syntax-class-properties","visitor":{"_exploded":true,"_verified":true},"options":{}},{"key":"proposal-class-properties","visitor":{"PrivateName":{"enter":[null]},"ExportDefaultDeclaration":{"enter":[null]},"_exploded":true,"_verified":true,"ClassExpression":{"enter":[null]},"ClassDeclaration":{"enter":[null]}},"options":{}},{"key":"syntax-async-generators","visitor":{"_exploded":true,"_verified":true},"options":{}},{"key":"proposal-async-generator-functions","visitor":{"_exploded":{},"_verified":{},"Program":{"enter":[null]}},"options":{}},{"key":"syntax-object-rest-spread","visitor":{"_exploded":true,"_verified":true},"options":{}},{"key":"proposal-object-rest-spread","visitor":{"_exploded":{},"_verified":{},"VariableDeclarator":{"enter":[null]},"ExportNamedDeclaration":{"enter":[null]},"CatchClause":{"enter":[null]},"AssignmentExpression":{"enter":[null]},"ArrayPattern":{"enter":[null]},"ObjectExpression":{"enter":[null]},"FunctionDeclaration":{"enter":[null]},"FunctionExpression":{"enter":[null]},"ObjectMethod":{"enter":[null]},"ArrowFunctionExpression":{"enter":[null]},"ClassMethod":{"enter":[null]},"ClassPrivateMethod":{"enter":[null]},"ForInStatement":{"enter":[null]},"ForOfStatement":{"enter":[null]}},"options":{}},{"key":"transform-arrow-functions","visitor":{"ArrowFunctionExpression":{"enter":[null]},"_exploded":true,"_verified":true},"options":{}},{"key":"transform-block-scoped-functions","visitor":{"BlockStatement":{"enter":[null]},"SwitchCase":{"enter":[null]},"_exploded":true,"_verified":true},"options":{}},{"key":"transform-block-scoping","visitor":{"VariableDeclaration":{"enter":[null]},"CatchClause":{"enter":[null]},"_exploded":true,"BlockStatement":{"enter":[null]},"SwitchStatement":{"enter":[null]},"Program":{"enter":[null]},"_verified":true,"DoWhileStatement":{"enter":[null]},"ForInStatement":{"enter":[null]},"ForStatement":{"enter":[null]},"WhileStatement":{"enter":[null]},"ForOfStatement":{"enter":[null]}},"options":{}},{"key":"transform-classes","visitor":{"ExportDefaultDeclaration":{"enter":[null]},"ClassDeclaration":{"enter":[null]},"ClassExpression":{"enter":[null]},"_exploded":true,"_verified":true},"options":{"loose":true}},{"key":"transform-computed-properties","visitor":{"ObjectExpression":{"exit":[null]},"_exploded":true,"_verified":true},"options":{"loose":true}},{"key":"transform-destructuring","visitor":{"ExportNamedDeclaration":{"enter":[null]},"CatchClause":{"enter":[null]},"AssignmentExpression":{"enter":[null]},"VariableDeclaration":{"enter":[null]},"_exploded":true,"_verified":true,"ForInStatement":{"enter":[null]},"ForOfStatement":{"enter":[null]}},"options":{}},{"key":"transform-for-of","visitor":{"ForOfStatement":{"enter":[null]},"_exploded":true,"_verified":true},"options":{"loose":true}},{"key":"transform-literals","visitor":{"NumericLiteral":{"enter":[null]},"StringLiteral":{"enter":[null]},"_exploded":true,"_verified":true},"options":{}},{"key":"transform-object-super","visitor":{"ObjectExpression":{"enter":[null]},"_exploded":true,"_verified":true},"options":{}},{"key":"transform-parameters","visitor":{"_exploded":true,"_verified":true,"FunctionDeclaration":{"enter":[null]},"FunctionExpression":{"enter":[null]},"ObjectMethod":{"enter":[null]},"ArrowFunctionExpression":{"enter":[null]},"ClassMethod":{"enter":[null]},"ClassPrivateMethod":{"enter":[null]}},"options":{}},{"key":"transform-shorthand-properties","visitor":{"ObjectMethod":{"enter":[null]},"ObjectProperty":{"enter":[null]},"_exploded":true,"_verified":true},"options":{}},{"key":"transform-spread","visitor":{"ArrayExpression":{"enter":[null]},"CallExpression":{"enter":[null]},"NewExpression":{"enter":[null]},"_exploded":true,"_verified":true},"options":{}},{"key":"transform-sticky-regex","visitor":{"RegExpLiteral":{"enter":[null]},"_exploded":true,"_verified":true},"options":{}},{"key":"transform-template-literals","visitor":{"TaggedTemplateExpression":{"enter":[null]},"TemplateLiteral":{"enter":[null]},"_exploded":true,"_verified":true},"options":{"loose":true}},{"key":"transform-typeof-symbol","visitor":{"UnaryExpression":{"enter":[null]},"_exploded":true,"_verified":true,"BlockStatement":{"enter":[null]},"CatchClause":{"enter":[null]},"DoWhileStatement":{"enter":[null]},"ForInStatement":{"enter":[null]},"ForStatement":{"enter":[null]},"FunctionDeclaration":{"enter":[null]},"FunctionExpression":{"enter":[null]},"Program":{"enter":[null]},"ObjectMethod":{"enter":[null]},"SwitchStatement":{"enter":[null]},"WhileStatement":{"enter":[null]},"ArrowFunctionExpression":{"enter":[null]},"ClassExpression":{"enter":[null]},"ClassDeclaration":{"enter":[null]},"ForOfStatement":{"enter":[null]},"ClassMethod":{"enter":[null]},"ClassPrivateMethod":{"enter":[null]},"StaticBlock":{"enter":[null]},"TSModuleBlock":{"enter":[null]},"AssignmentPattern":{"enter":[null]},"ArrayPattern":{"enter":[null]},"ObjectPattern":{"enter":[null]}},"options":{}},{"key":"transform-unicode-regex","visitor":{"RegExpLiteral":{"enter":[null]},"_exploded":true,"_verified":true},"options":{}},{"key":"transform-property-literals","visitor":{"ObjectProperty":{"exit":[null]},"_exploded":true,"_verified":true},"options":{}},{"key":"transform-exponentiation-operator","visitor":{"AssignmentExpression":{"enter":[null]},"BinaryExpression":{"enter":[null]},"_exploded":true,"_verified":true},"options":{}},{"key":"regenerator-transform","visitor":{"_exploded":true,"_verified":true,"ObjectMethod":{"enter":[null],"exit":[null]},"ClassMethod":{"enter":[null],"exit":[null]},"ClassPrivateMethod":{"enter":[null],"exit":[null]},"FunctionDeclaration":{"exit":[null]},"FunctionExpression":{"exit":[null]},"ArrowFunctionExpression":{"exit":[null]}},"options":{}}],"presets":[],"generatorOpts":{"filename":"C:\\Users\\andrejs\\Documents\\99_LU\\viziquer\\git\\viziquer-dss\\packages\\minimongo\\cursor.js","comments":true,"compact":false,"sourceMaps":true,"sourceFileName":"packages/minimongo/cursor.js"}},"code":"module.export({\n  \"default\": function () {\n    return Cursor;\n  }\n});\nvar LocalCollection;\nmodule.link(\"./local_collection.js\", {\n  \"default\": function (v) {\n    LocalCollection = v;\n  }\n}, 0);\nvar hasOwn;\nmodule.link(\"./common.js\", {\n  hasOwn: function (v) {\n    hasOwn = v;\n  }\n}, 1);\n\nvar Cursor = /*#__PURE__*/function () {\n  // don't call this ctor directly.  use LocalCollection.find().\n  function Cursor(collection, selector) {\n    var options = arguments.length > 2 && arguments[2] !== undefined ? arguments[2] : {};\n    this.collection = collection;\n    this.sorter = null;\n    this.matcher = new Minimongo.Matcher(selector);\n\n    if (LocalCollection._selectorIsIdPerhapsAsObject(selector)) {\n      // stash for fast _id and { _id }\n      this._selectorId = hasOwn.call(selector, '_id') ? selector._id : selector;\n    } else {\n      this._selectorId = undefined;\n\n      if (this.matcher.hasGeoQuery() || options.sort) {\n        this.sorter = new Minimongo.Sorter(options.sort || []);\n      }\n    }\n\n    this.skip = options.skip || 0;\n    this.limit = options.limit;\n    this.fields = options.fields;\n    this._projectionFn = LocalCollection._compileProjection(this.fields || {});\n    this._transform = LocalCollection.wrapTransform(options.transform); // by default, queries register w/ Tracker when it is available.\n\n    if (typeof Tracker !== 'undefined') {\n      this.reactive = options.reactive === undefined ? true : options.reactive;\n    }\n  }\n  /**\n   * @summary Returns the number of documents that match a query.\n   * @memberOf Mongo.Cursor\n   * @method  count\n   * @param {boolean} [applySkipLimit=true] If set to `false`, the value\n   *                                         returned will reflect the total\n   *                                         number of matching documents,\n   *                                         ignoring any value supplied for\n   *                                         limit\n   * @instance\n   * @locus Anywhere\n   * @returns {Number}\n   */\n\n\n  var _proto = Cursor.prototype;\n\n  _proto.count = function () {\n    function count() {\n      var applySkipLimit = arguments.length > 0 && arguments[0] !== undefined ? arguments[0] : true;\n\n      if (this.reactive) {\n        // allow the observe to be unordered\n        this._depend({\n          added: true,\n          removed: true\n        }, true);\n      }\n\n      return this._getRawObjects({\n        ordered: true,\n        applySkipLimit: applySkipLimit\n      }).length;\n    }\n\n    return count;\n  }()\n  /**\n   * @summary Return all matching documents as an Array.\n   * @memberOf Mongo.Cursor\n   * @method  fetch\n   * @instance\n   * @locus Anywhere\n   * @returns {Object[]}\n   */\n  ;\n\n  _proto.fetch = function () {\n    function fetch() {\n      var result = [];\n      this.forEach(function (doc) {\n        result.push(doc);\n      });\n      return result;\n    }\n\n    return fetch;\n  }();\n\n  _proto[Symbol.iterator] = function () {\n    var _this = this;\n\n    if (this.reactive) {\n      this._depend({\n        addedBefore: true,\n        removed: true,\n        changed: true,\n        movedBefore: true\n      });\n    }\n\n    var index = 0;\n\n    var objects = this._getRawObjects({\n      ordered: true\n    });\n\n    return {\n      next: function () {\n        if (index < objects.length) {\n          // This doubles as a clone operation.\n          var element = _this._projectionFn(objects[index++]);\n\n          if (_this._transform) element = _this._transform(element);\n          return {\n            value: element\n          };\n        }\n\n        return {\n          done: true\n        };\n      }\n    };\n  }\n  /**\n   * @callback IterationCallback\n   * @param {Object} doc\n   * @param {Number} index\n   */\n\n  /**\n   * @summary Call `callback` once for each matching document, sequentially and\n   *          synchronously.\n   * @locus Anywhere\n   * @method  forEach\n   * @instance\n   * @memberOf Mongo.Cursor\n   * @param {IterationCallback} callback Function to call. It will be called\n   *                                     with three arguments: the document, a\n   *                                     0-based index, and <em>cursor</em>\n   *                                     itself.\n   * @param {Any} [thisArg] An object which will be the value of `this` inside\n   *                        `callback`.\n   */\n  ;\n\n  _proto.forEach = function () {\n    function forEach(callback, thisArg) {\n      var _this2 = this;\n\n      if (this.reactive) {\n        this._depend({\n          addedBefore: true,\n          removed: true,\n          changed: true,\n          movedBefore: true\n        });\n      }\n\n      this._getRawObjects({\n        ordered: true\n      }).forEach(function (element, i) {\n        // This doubles as a clone operation.\n        element = _this2._projectionFn(element);\n\n        if (_this2._transform) {\n          element = _this2._transform(element);\n        }\n\n        callback.call(thisArg, element, i, _this2);\n      });\n    }\n\n    return forEach;\n  }();\n\n  _proto.getTransform = function () {\n    function getTransform() {\n      return this._transform;\n    }\n\n    return getTransform;\n  }()\n  /**\n   * @summary Map callback over all matching documents.  Returns an Array.\n   * @locus Anywhere\n   * @method map\n   * @instance\n   * @memberOf Mongo.Cursor\n   * @param {IterationCallback} callback Function to call. It will be called\n   *                                     with three arguments: the document, a\n   *                                     0-based index, and <em>cursor</em>\n   *                                     itself.\n   * @param {Any} [thisArg] An object which will be the value of `this` inside\n   *                        `callback`.\n   */\n  ;\n\n  _proto.map = function () {\n    function map(callback, thisArg) {\n      var _this3 = this;\n\n      var result = [];\n      this.forEach(function (doc, i) {\n        result.push(callback.call(thisArg, doc, i, _this3));\n      });\n      return result;\n    }\n\n    return map;\n  }() // options to contain:\n  //  * callbacks for observe():\n  //    - addedAt (document, atIndex)\n  //    - added (document)\n  //    - changedAt (newDocument, oldDocument, atIndex)\n  //    - changed (newDocument, oldDocument)\n  //    - removedAt (document, atIndex)\n  //    - removed (document)\n  //    - movedTo (document, oldIndex, newIndex)\n  //\n  // attributes available on returned query handle:\n  //  * stop(): end updates\n  //  * collection: the collection this query is querying\n  //\n  // iff x is a returned query handle, (x instanceof\n  // LocalCollection.ObserveHandle) is true\n  //\n  // initial results delivered through added callback\n  // XXX maybe callbacks should take a list of objects, to expose transactions?\n  // XXX maybe support field limiting (to limit what you're notified on)\n\n  /**\n   * @summary Watch a query.  Receive callbacks as the result set changes.\n   * @locus Anywhere\n   * @memberOf Mongo.Cursor\n   * @instance\n   * @param {Object} callbacks Functions to call to deliver the result set as it\n   *                           changes\n   */\n  ;\n\n  _proto.observe = function () {\n    function observe(options) {\n      return LocalCollection._observeFromObserveChanges(this, options);\n    }\n\n    return observe;\n  }()\n  /**\n   * @summary Watch a query. Receive callbacks as the result set changes. Only\n   *          the differences between the old and new documents are passed to\n   *          the callbacks.\n   * @locus Anywhere\n   * @memberOf Mongo.Cursor\n   * @instance\n   * @param {Object} callbacks Functions to call to deliver the result set as it\n   *                           changes\n   */\n  ;\n\n  _proto.observeChanges = function () {\n    function observeChanges(options) {\n      var _this4 = this;\n\n      var ordered = LocalCollection._observeChangesCallbacksAreOrdered(options); // there are several places that assume you aren't combining skip/limit with\n      // unordered observe.  eg, update's EJSON.clone, and the \"there are several\"\n      // comment in _modifyAndNotify\n      // XXX allow skip/limit with unordered observe\n\n\n      if (!options._allow_unordered && !ordered && (this.skip || this.limit)) {\n        throw new Error(\"Must use an ordered observe with skip or limit (i.e. 'addedBefore' \" + \"for observeChanges or 'addedAt' for observe, instead of 'added').\");\n      }\n\n      if (this.fields && (this.fields._id === 0 || this.fields._id === false)) {\n        throw Error('You may not observe a cursor with {fields: {_id: 0}}');\n      }\n\n      var distances = this.matcher.hasGeoQuery() && ordered && new LocalCollection._IdMap();\n      var query = {\n        cursor: this,\n        dirty: false,\n        distances: distances,\n        matcher: this.matcher,\n        // not fast pathed\n        ordered: ordered,\n        projectionFn: this._projectionFn,\n        resultsSnapshot: null,\n        sorter: ordered && this.sorter\n      };\n      var qid; // Non-reactive queries call added[Before] and then never call anything\n      // else.\n\n      if (this.reactive) {\n        qid = this.collection.next_qid++;\n        this.collection.queries[qid] = query;\n      }\n\n      query.results = this._getRawObjects({\n        ordered: ordered,\n        distances: query.distances\n      });\n\n      if (this.collection.paused) {\n        query.resultsSnapshot = ordered ? [] : new LocalCollection._IdMap();\n      } // wrap callbacks we were passed. callbacks only fire when not paused and\n      // are never undefined\n      // Filters out blacklisted fields according to cursor's projection.\n      // XXX wrong place for this?\n      // furthermore, callbacks enqueue until the operation we're working on is\n      // done.\n\n\n      var wrapCallback = function (fn) {\n        if (!fn) {\n          return function () {};\n        }\n\n        var self = _this4;\n        return function ()\n        /* args*/\n        {\n          var _this5 = this;\n\n          if (self.collection.paused) {\n            return;\n          }\n\n          var args = arguments;\n\n          self.collection._observeQueue.queueTask(function () {\n            fn.apply(_this5, args);\n          });\n        };\n      };\n\n      query.added = wrapCallback(options.added);\n      query.changed = wrapCallback(options.changed);\n      query.removed = wrapCallback(options.removed);\n\n      if (ordered) {\n        query.addedBefore = wrapCallback(options.addedBefore);\n        query.movedBefore = wrapCallback(options.movedBefore);\n      }\n\n      if (!options._suppress_initial && !this.collection.paused) {\n        query.results.forEach(function (doc) {\n          var fields = EJSON.clone(doc);\n          delete fields._id;\n\n          if (ordered) {\n            query.addedBefore(doc._id, _this4._projectionFn(fields), null);\n          }\n\n          query.added(doc._id, _this4._projectionFn(fields));\n        });\n      }\n\n      var handle = Object.assign(new LocalCollection.ObserveHandle(), {\n        collection: this.collection,\n        stop: function () {\n          if (_this4.reactive) {\n            delete _this4.collection.queries[qid];\n          }\n        }\n      });\n\n      if (this.reactive && Tracker.active) {\n        // XXX in many cases, the same observe will be recreated when\n        // the current autorun is rerun.  we could save work by\n        // letting it linger across rerun and potentially get\n        // repurposed if the same observe is performed, using logic\n        // similar to that of Meteor.subscribe.\n        Tracker.onInvalidate(function () {\n          handle.stop();\n        });\n      } // run the observe callbacks resulting from the initial contents\n      // before we leave the observe.\n\n\n      this.collection._observeQueue.drain();\n\n      return handle;\n    }\n\n    return observeChanges;\n  }() // Since we don't actually have a \"nextObject\" interface, there's really no\n  // reason to have a \"rewind\" interface.  All it did was make multiple calls\n  // to fetch/map/forEach return nothing the second time.\n  // XXX COMPAT WITH 0.8.1\n  ;\n\n  _proto.rewind = function () {\n    function rewind() {}\n\n    return rewind;\n  }() // XXX Maybe we need a version of observe that just calls a callback if\n  // anything changed.\n  ;\n\n  _proto._depend = function () {\n    function _depend(changers, _allow_unordered) {\n      if (Tracker.active) {\n        var dependency = new Tracker.Dependency();\n        var notify = dependency.changed.bind(dependency);\n        dependency.depend();\n        var options = {\n          _allow_unordered: _allow_unordered,\n          _suppress_initial: true\n        };\n        ['added', 'addedBefore', 'changed', 'movedBefore', 'removed'].forEach(function (fn) {\n          if (changers[fn]) {\n            options[fn] = notify;\n          }\n        }); // observeChanges will stop() when this computation is invalidated\n\n        this.observeChanges(options);\n      }\n    }\n\n    return _depend;\n  }();\n\n  _proto._getCollectionName = function () {\n    function _getCollectionName() {\n      return this.collection.name;\n    }\n\n    return _getCollectionName;\n  }() // Returns a collection of matching objects, but doesn't deep copy them.\n  //\n  // If ordered is set, returns a sorted array, respecting sorter, skip, and\n  // limit properties of the query provided that options.applySkipLimit is\n  // not set to false (#1201). If sorter is falsey, no sort -- you get the\n  // natural order.\n  //\n  // If ordered is not set, returns an object mapping from ID to doc (sorter,\n  // skip and limit should not be set).\n  //\n  // If ordered is set and this cursor is a $near geoquery, then this function\n  // will use an _IdMap to track each distance from the $near argument point in\n  // order to use it as a sort key. If an _IdMap is passed in the 'distances'\n  // argument, this function will clear it and use it for this purpose\n  // (otherwise it will just create its own _IdMap). The observeChanges\n  // implementation uses this to remember the distances after this function\n  // returns.\n  ;\n\n  _proto._getRawObjects = function () {\n    function _getRawObjects() {\n      var _this6 = this;\n\n      var options = arguments.length > 0 && arguments[0] !== undefined ? arguments[0] : {};\n      // By default this method will respect skip and limit because .fetch(),\n      // .forEach() etc... expect this behaviour. It can be forced to ignore\n      // skip and limit by setting applySkipLimit to false (.count() does this,\n      // for example)\n      var applySkipLimit = options.applySkipLimit !== false; // XXX use OrderedDict instead of array, and make IdMap and OrderedDict\n      // compatible\n\n      var results = options.ordered ? [] : new LocalCollection._IdMap(); // fast path for single ID value\n\n      if (this._selectorId !== undefined) {\n        // If you have non-zero skip and ask for a single id, you get nothing.\n        // This is so it matches the behavior of the '{_id: foo}' path.\n        if (applySkipLimit && this.skip) {\n          return results;\n        }\n\n        var selectedDoc = this.collection._docs.get(this._selectorId);\n\n        if (selectedDoc) {\n          if (options.ordered) {\n            results.push(selectedDoc);\n          } else {\n            results.set(this._selectorId, selectedDoc);\n          }\n        }\n\n        return results;\n      } // slow path for arbitrary selector, sort, skip, limit\n      // in the observeChanges case, distances is actually part of the \"query\"\n      // (ie, live results set) object.  in other cases, distances is only used\n      // inside this function.\n\n\n      var distances;\n\n      if (this.matcher.hasGeoQuery() && options.ordered) {\n        if (options.distances) {\n          distances = options.distances;\n          distances.clear();\n        } else {\n          distances = new LocalCollection._IdMap();\n        }\n      }\n\n      this.collection._docs.forEach(function (doc, id) {\n        var matchResult = _this6.matcher.documentMatches(doc);\n\n        if (matchResult.result) {\n          if (options.ordered) {\n            results.push(doc);\n\n            if (distances && matchResult.distance !== undefined) {\n              distances.set(id, matchResult.distance);\n            }\n          } else {\n            results.set(id, doc);\n          }\n        } // Override to ensure all docs are matched if ignoring skip & limit\n\n\n        if (!applySkipLimit) {\n          return true;\n        } // Fast path for limited unsorted queries.\n        // XXX 'length' check here seems wrong for ordered\n\n\n        return !_this6.limit || _this6.skip || _this6.sorter || results.length !== _this6.limit;\n      });\n\n      if (!options.ordered) {\n        return results;\n      }\n\n      if (this.sorter) {\n        results.sort(this.sorter.getComparator({\n          distances: distances\n        }));\n      } // Return the full set of results if there is no skip or limit or if we're\n      // ignoring them\n\n\n      if (!applySkipLimit || !this.limit && !this.skip) {\n        return results;\n      }\n\n      return results.slice(this.skip, this.limit ? this.limit + this.skip : results.length);\n    }\n\n    return _getRawObjects;\n  }();\n\n  _proto._publishCursor = function () {\n    function _publishCursor(subscription) {\n      // XXX minimongo should not depend on mongo-livedata!\n      if (!Package.mongo) {\n        throw new Error('Can\\'t publish from Minimongo without the `mongo` package.');\n      }\n\n      if (!this.collection.name) {\n        throw new Error('Can\\'t publish a cursor from a collection without a name.');\n      }\n\n      return Package.mongo.Mongo.Collection._publishCursor(this, subscription, this.collection.name);\n    }\n\n    return _publishCursor;\n  }();\n\n  return Cursor;\n}();","map":{"version":3,"sources":["packages/minimongo/cursor.js"],"names":["module","export","Cursor","LocalCollection","link","v","hasOwn","collection","selector","options","sorter","matcher","Minimongo","Matcher","_selectorIsIdPerhapsAsObject","_selectorId","call","_id","undefined","hasGeoQuery","sort","Sorter","skip","limit","fields","_projectionFn","_compileProjection","_transform","wrapTransform","transform","Tracker","reactive","count","applySkipLimit","_depend","added","removed","_getRawObjects","ordered","length","fetch","result","forEach","doc","push","Symbol","iterator","addedBefore","changed","movedBefore","index","objects","next","element","value","done","callback","thisArg","i","getTransform","map","observe","_observeFromObserveChanges","observeChanges","_observeChangesCallbacksAreOrdered","_allow_unordered","Error","distances","_IdMap","query","cursor","dirty","projectionFn","resultsSnapshot","qid","next_qid","queries","results","paused","wrapCallback","fn","self","args","arguments","_observeQueue","queueTask","apply","_suppress_initial","EJSON","clone","handle","Object","assign","ObserveHandle","stop","active","onInvalidate","drain","rewind","changers","dependency","Dependency","notify","bind","depend","_getCollectionName","name","selectedDoc","_docs","get","set","clear","id","matchResult","documentMatches","distance","getComparator","slice","_publishCursor","subscription","Package","mongo","Mongo","Collection"],"mappings":"AAAAA,MAAM,CAACC,MAAP,CAAc;AAAC,aAAQ,YAAU;AAAC,WAAOC,MAAP;AAAc;AAAlC,CAAd;AAAmD,IAAIC,eAAJ;AAAoBH,MAAM,CAACI,IAAP,CAAY,uBAAZ,EAAoC;AAAC,aAAQ,UAASC,CAAT,EAAW;AAACF,IAAAA,eAAe,GAACE,CAAhB;AAAkB;AAAvC,CAApC,EAA6E,CAA7E;AAAgF,IAAIC,MAAJ;AAAWN,MAAM,CAACI,IAAP,CAAY,aAAZ,EAA0B;AAACE,EAAAA,MAAM,EAAC,UAASD,CAAT,EAAW;AAACC,IAAAA,MAAM,GAACD,CAAP;AAAS;AAA7B,CAA1B,EAAyD,CAAzD;;IAK7IH,M;AACnB;AACA,kBAAYK,UAAZ,EAAwBC,QAAxB,EAAgD;AAAA,QAAdC,OAAc,uEAAJ,EAAI;AAC9C,SAAKF,UAAL,GAAkBA,UAAlB;AACA,SAAKG,MAAL,GAAc,IAAd;AACA,SAAKC,OAAL,GAAe,IAAIC,SAAS,CAACC,OAAd,CAAsBL,QAAtB,CAAf;;AAEA,QAAIL,eAAe,CAACW,4BAAhB,CAA6CN,QAA7C,CAAJ,EAA4D;AAC1D;AACA,WAAKO,WAAL,GAAmBT,MAAM,CAACU,IAAP,CAAYR,QAAZ,EAAsB,KAAtB,IACfA,QAAQ,CAACS,GADM,GAEfT,QAFJ;AAGD,KALD,MAKO;AACL,WAAKO,WAAL,GAAmBG,SAAnB;;AAEA,UAAI,KAAKP,OAAL,CAAaQ,WAAb,MAA8BV,OAAO,CAACW,IAA1C,EAAgD;AAC9C,aAAKV,MAAL,GAAc,IAAIE,SAAS,CAACS,MAAd,CAAqBZ,OAAO,CAACW,IAAR,IAAgB,EAArC,CAAd;AACD;AACF;;AAED,SAAKE,IAAL,GAAYb,OAAO,CAACa,IAAR,IAAgB,CAA5B;AACA,SAAKC,KAAL,GAAad,OAAO,CAACc,KAArB;AACA,SAAKC,MAAL,GAAcf,OAAO,CAACe,MAAtB;AAEA,SAAKC,aAAL,GAAqBtB,eAAe,CAACuB,kBAAhB,CAAmC,KAAKF,MAAL,IAAe,EAAlD,CAArB;AAEA,SAAKG,UAAL,GAAkBxB,eAAe,CAACyB,aAAhB,CAA8BnB,OAAO,CAACoB,SAAtC,CAAlB,CAxB8C,CA0B9C;;AACA,QAAI,OAAOC,OAAP,KAAmB,WAAvB,EAAoC;AAClC,WAAKC,QAAL,GAAgBtB,OAAO,CAACsB,QAAR,KAAqBb,SAArB,GAAiC,IAAjC,GAAwCT,OAAO,CAACsB,QAAhE;AACD;AACF;AAED;AACF;AACA;AACA;AACA;AACA;AACA;AACA;AACA;AACA;AACA;AACA;AACA;;;;;SACEC,K;AAAA,qBAA6B;AAAA,UAAvBC,cAAuB,uEAAN,IAAM;;AAC3B,UAAI,KAAKF,QAAT,EAAmB;AACjB;AACA,aAAKG,OAAL,CAAa;AAACC,UAAAA,KAAK,EAAE,IAAR;AAAcC,UAAAA,OAAO,EAAE;AAAvB,SAAb,EAA2C,IAA3C;AACD;;AAED,aAAO,KAAKC,cAAL,CAAoB;AACzBC,QAAAA,OAAO,EAAE,IADgB;AAEzBL,QAAAA,cAAc,EAAdA;AAFyB,OAApB,EAGJM,MAHH;AAID;;;;AAED;AACF;AACA;AACA;AACA;AACA;AACA;AACA;;;SACEC,K;AAAA,qBAAQ;AACN,UAAMC,MAAM,GAAG,EAAf;AAEA,WAAKC,OAAL,CAAa,UAAAC,GAAG,EAAI;AAClBF,QAAAA,MAAM,CAACG,IAAP,CAAYD,GAAZ;AACD,OAFD;AAIA,aAAOF,MAAP;AACD;;;;;SAEAI,MAAM,CAACC,Q,IAAR,YAAoB;AAAA;;AAClB,QAAI,KAAKf,QAAT,EAAmB;AACjB,WAAKG,OAAL,CAAa;AACXa,QAAAA,WAAW,EAAE,IADF;AAEXX,QAAAA,OAAO,EAAE,IAFE;AAGXY,QAAAA,OAAO,EAAE,IAHE;AAIXC,QAAAA,WAAW,EAAE;AAJF,OAAb;AAKD;;AAED,QAAIC,KAAK,GAAG,CAAZ;;AACA,QAAMC,OAAO,GAAG,KAAKd,cAAL,CAAoB;AAACC,MAAAA,OAAO,EAAE;AAAV,KAApB,CAAhB;;AAEA,WAAO;AACLc,MAAAA,IAAI,EAAE,YAAM;AACV,YAAIF,KAAK,GAAGC,OAAO,CAACZ,MAApB,EAA4B;AAC1B;AACA,cAAIc,OAAO,GAAG,KAAI,CAAC5B,aAAL,CAAmB0B,OAAO,CAACD,KAAK,EAAN,CAA1B,CAAd;;AAEA,cAAI,KAAI,CAACvB,UAAT,EACE0B,OAAO,GAAG,KAAI,CAAC1B,UAAL,CAAgB0B,OAAhB,CAAV;AAEF,iBAAO;AAACC,YAAAA,KAAK,EAAED;AAAR,WAAP;AACD;;AAED,eAAO;AAACE,UAAAA,IAAI,EAAE;AAAP,SAAP;AACD;AAbI,KAAP;AAeD;AAED;AACF;AACA;AACA;AACA;;AACE;AACF;AACA;AACA;AACA;AACA;AACA;AACA;AACA;AACA;AACA;AACA;AACA;AACA;;;SACEb,O;AAAA,qBAAQc,QAAR,EAAkBC,OAAlB,EAA2B;AAAA;;AACzB,UAAI,KAAK1B,QAAT,EAAmB;AACjB,aAAKG,OAAL,CAAa;AACXa,UAAAA,WAAW,EAAE,IADF;AAEXX,UAAAA,OAAO,EAAE,IAFE;AAGXY,UAAAA,OAAO,EAAE,IAHE;AAIXC,UAAAA,WAAW,EAAE;AAJF,SAAb;AAKD;;AAED,WAAKZ,cAAL,CAAoB;AAACC,QAAAA,OAAO,EAAE;AAAV,OAApB,EAAqCI,OAArC,CAA6C,UAACW,OAAD,EAAUK,CAAV,EAAgB;AAC3D;AACAL,QAAAA,OAAO,GAAG,MAAI,CAAC5B,aAAL,CAAmB4B,OAAnB,CAAV;;AAEA,YAAI,MAAI,CAAC1B,UAAT,EAAqB;AACnB0B,UAAAA,OAAO,GAAG,MAAI,CAAC1B,UAAL,CAAgB0B,OAAhB,CAAV;AACD;;AAEDG,QAAAA,QAAQ,CAACxC,IAAT,CAAcyC,OAAd,EAAuBJ,OAAvB,EAAgCK,CAAhC,EAAmC,MAAnC;AACD,OATD;AAUD;;;;;SAEDC,Y;AAAA,4BAAe;AACb,aAAO,KAAKhC,UAAZ;AACD;;;;AAED;AACF;AACA;AACA;AACA;AACA;AACA;AACA;AACA;AACA;AACA;AACA;AACA;;;SACEiC,G;AAAA,iBAAIJ,QAAJ,EAAcC,OAAd,EAAuB;AAAA;;AACrB,UAAMhB,MAAM,GAAG,EAAf;AAEA,WAAKC,OAAL,CAAa,UAACC,GAAD,EAAMe,CAAN,EAAY;AACvBjB,QAAAA,MAAM,CAACG,IAAP,CAAYY,QAAQ,CAACxC,IAAT,CAAcyC,OAAd,EAAuBd,GAAvB,EAA4Be,CAA5B,EAA+B,MAA/B,CAAZ;AACD,OAFD;AAIA,aAAOjB,MAAP;AACD;;;MAED;AACA;AACA;AACA;AACA;AACA;AACA;AACA;AACA;AACA;AACA;AACA;AACA;AACA;AACA;AACA;AACA;AACA;AACA;AACA;;AAEA;AACF;AACA;AACA;AACA;AACA;AACA;AACA;;;SACEoB,O;AAAA,qBAAQpD,OAAR,EAAiB;AACf,aAAON,eAAe,CAAC2D,0BAAhB,CAA2C,IAA3C,EAAiDrD,OAAjD,CAAP;AACD;;;;AAED;AACF;AACA;AACA;AACA;AACA;AACA;AACA;AACA;AACA;;;SACEsD,c;AAAA,4BAAetD,OAAf,EAAwB;AAAA;;AACtB,UAAM6B,OAAO,GAAGnC,eAAe,CAAC6D,kCAAhB,CAAmDvD,OAAnD,CAAhB,CADsB,CAGtB;AACA;AACA;AACA;;;AACA,UAAI,CAACA,OAAO,CAACwD,gBAAT,IAA6B,CAAC3B,OAA9B,KAA0C,KAAKhB,IAAL,IAAa,KAAKC,KAA5D,CAAJ,EAAwE;AACtE,cAAM,IAAI2C,KAAJ,CACJ,wEACA,mEAFI,CAAN;AAID;;AAED,UAAI,KAAK1C,MAAL,KAAgB,KAAKA,MAAL,CAAYP,GAAZ,KAAoB,CAApB,IAAyB,KAAKO,MAAL,CAAYP,GAAZ,KAAoB,KAA7D,CAAJ,EAAyE;AACvE,cAAMiD,KAAK,CAAC,sDAAD,CAAX;AACD;;AAED,UAAMC,SAAS,GACb,KAAKxD,OAAL,CAAaQ,WAAb,MACAmB,OADA,IAEA,IAAInC,eAAe,CAACiE,MAApB,EAHF;AAMA,UAAMC,KAAK,GAAG;AACZC,QAAAA,MAAM,EAAE,IADI;AAEZC,QAAAA,KAAK,EAAE,KAFK;AAGZJ,QAAAA,SAAS,EAATA,SAHY;AAIZxD,QAAAA,OAAO,EAAE,KAAKA,OAJF;AAIW;AACvB2B,QAAAA,OAAO,EAAPA,OALY;AAMZkC,QAAAA,YAAY,EAAE,KAAK/C,aANP;AAOZgD,QAAAA,eAAe,EAAE,IAPL;AAQZ/D,QAAAA,MAAM,EAAE4B,OAAO,IAAI,KAAK5B;AARZ,OAAd;AAWA,UAAIgE,GAAJ,CAnCsB,CAqCtB;AACA;;AACA,UAAI,KAAK3C,QAAT,EAAmB;AACjB2C,QAAAA,GAAG,GAAG,KAAKnE,UAAL,CAAgBoE,QAAhB,EAAN;AACA,aAAKpE,UAAL,CAAgBqE,OAAhB,CAAwBF,GAAxB,IAA+BL,KAA/B;AACD;;AAEDA,MAAAA,KAAK,CAACQ,OAAN,GAAgB,KAAKxC,cAAL,CAAoB;AAACC,QAAAA,OAAO,EAAPA,OAAD;AAAU6B,QAAAA,SAAS,EAAEE,KAAK,CAACF;AAA3B,OAApB,CAAhB;;AAEA,UAAI,KAAK5D,UAAL,CAAgBuE,MAApB,EAA4B;AAC1BT,QAAAA,KAAK,CAACI,eAAN,GAAwBnC,OAAO,GAAG,EAAH,GAAQ,IAAInC,eAAe,CAACiE,MAApB,EAAvC;AACD,OAhDqB,CAkDtB;AACA;AACA;AACA;AAEA;AACA;;;AACA,UAAMW,YAAY,GAAG,UAAAC,EAAE,EAAI;AACzB,YAAI,CAACA,EAAL,EAAS;AACP,iBAAO,YAAM,CAAE,CAAf;AACD;;AAED,YAAMC,IAAI,GAAG,MAAb;AACA,eAAO;AAAS;AAAW;AAAA;;AACzB,cAAIA,IAAI,CAAC1E,UAAL,CAAgBuE,MAApB,EAA4B;AAC1B;AACD;;AAED,cAAMI,IAAI,GAAGC,SAAb;;AAEAF,UAAAA,IAAI,CAAC1E,UAAL,CAAgB6E,aAAhB,CAA8BC,SAA9B,CAAwC,YAAM;AAC5CL,YAAAA,EAAE,CAACM,KAAH,CAAS,MAAT,EAAeJ,IAAf;AACD,WAFD;AAGD,SAVD;AAWD,OAjBD;;AAmBAb,MAAAA,KAAK,CAAClC,KAAN,GAAc4C,YAAY,CAACtE,OAAO,CAAC0B,KAAT,CAA1B;AACAkC,MAAAA,KAAK,CAACrB,OAAN,GAAgB+B,YAAY,CAACtE,OAAO,CAACuC,OAAT,CAA5B;AACAqB,MAAAA,KAAK,CAACjC,OAAN,GAAgB2C,YAAY,CAACtE,OAAO,CAAC2B,OAAT,CAA5B;;AAEA,UAAIE,OAAJ,EAAa;AACX+B,QAAAA,KAAK,CAACtB,WAAN,GAAoBgC,YAAY,CAACtE,OAAO,CAACsC,WAAT,CAAhC;AACAsB,QAAAA,KAAK,CAACpB,WAAN,GAAoB8B,YAAY,CAACtE,OAAO,CAACwC,WAAT,CAAhC;AACD;;AAED,UAAI,CAACxC,OAAO,CAAC8E,iBAAT,IAA8B,CAAC,KAAKhF,UAAL,CAAgBuE,MAAnD,EAA2D;AACzDT,QAAAA,KAAK,CAACQ,OAAN,CAAcnC,OAAd,CAAsB,UAAAC,GAAG,EAAI;AAC3B,cAAMnB,MAAM,GAAGgE,KAAK,CAACC,KAAN,CAAY9C,GAAZ,CAAf;AAEA,iBAAOnB,MAAM,CAACP,GAAd;;AAEA,cAAIqB,OAAJ,EAAa;AACX+B,YAAAA,KAAK,CAACtB,WAAN,CAAkBJ,GAAG,CAAC1B,GAAtB,EAA2B,MAAI,CAACQ,aAAL,CAAmBD,MAAnB,CAA3B,EAAuD,IAAvD;AACD;;AAED6C,UAAAA,KAAK,CAAClC,KAAN,CAAYQ,GAAG,CAAC1B,GAAhB,EAAqB,MAAI,CAACQ,aAAL,CAAmBD,MAAnB,CAArB;AACD,SAVD;AAWD;;AAED,UAAMkE,MAAM,GAAGC,MAAM,CAACC,MAAP,CAAc,IAAIzF,eAAe,CAAC0F,aAApB,EAAd,EAAiD;AAC9DtF,QAAAA,UAAU,EAAE,KAAKA,UAD6C;AAE9DuF,QAAAA,IAAI,EAAE,YAAM;AACV,cAAI,MAAI,CAAC/D,QAAT,EAAmB;AACjB,mBAAO,MAAI,CAACxB,UAAL,CAAgBqE,OAAhB,CAAwBF,GAAxB,CAAP;AACD;AACF;AAN6D,OAAjD,CAAf;;AASA,UAAI,KAAK3C,QAAL,IAAiBD,OAAO,CAACiE,MAA7B,EAAqC;AACnC;AACA;AACA;AACA;AACA;AACAjE,QAAAA,OAAO,CAACkE,YAAR,CAAqB,YAAM;AACzBN,UAAAA,MAAM,CAACI,IAAP;AACD,SAFD;AAGD,OArHqB,CAuHtB;AACA;;;AACA,WAAKvF,UAAL,CAAgB6E,aAAhB,CAA8Ba,KAA9B;;AAEA,aAAOP,MAAP;AACD;;;MAED;AACA;AACA;AACA;;;SACAQ,M;AAAA,sBAAS,CAAE;;;MAEX;AACA;;;SACAhE,O;AAAA,qBAAQiE,QAAR,EAAkBlC,gBAAlB,EAAoC;AAClC,UAAInC,OAAO,CAACiE,MAAZ,EAAoB;AAClB,YAAMK,UAAU,GAAG,IAAItE,OAAO,CAACuE,UAAZ,EAAnB;AACA,YAAMC,MAAM,GAAGF,UAAU,CAACpD,OAAX,CAAmBuD,IAAnB,CAAwBH,UAAxB,CAAf;AAEAA,QAAAA,UAAU,CAACI,MAAX;AAEA,YAAM/F,OAAO,GAAG;AAACwD,UAAAA,gBAAgB,EAAhBA,gBAAD;AAAmBsB,UAAAA,iBAAiB,EAAE;AAAtC,SAAhB;AAEA,SAAC,OAAD,EAAU,aAAV,EAAyB,SAAzB,EAAoC,aAApC,EAAmD,SAAnD,EACG7C,OADH,CACW,UAAAsC,EAAE,EAAI;AACb,cAAImB,QAAQ,CAACnB,EAAD,CAAZ,EAAkB;AAChBvE,YAAAA,OAAO,CAACuE,EAAD,CAAP,GAAcsB,MAAd;AACD;AACF,SALH,EARkB,CAelB;;AACA,aAAKvC,cAAL,CAAoBtD,OAApB;AACD;AACF;;;;;SAEDgG,kB;AAAA,kCAAqB;AACnB,aAAO,KAAKlG,UAAL,CAAgBmG,IAAvB;AACD;;;MAED;AACA;AACA;AACA;AACA;AACA;AACA;AACA;AACA;AACA;AACA;AACA;AACA;AACA;AACA;AACA;AACA;;;SACArE,c;AAAA,8BAA6B;AAAA;;AAAA,UAAd5B,OAAc,uEAAJ,EAAI;AAC3B;AACA;AACA;AACA;AACA,UAAMwB,cAAc,GAAGxB,OAAO,CAACwB,cAAR,KAA2B,KAAlD,CAL2B,CAO3B;AACA;;AACA,UAAM4C,OAAO,GAAGpE,OAAO,CAAC6B,OAAR,GAAkB,EAAlB,GAAuB,IAAInC,eAAe,CAACiE,MAApB,EAAvC,CAT2B,CAW3B;;AACA,UAAI,KAAKrD,WAAL,KAAqBG,SAAzB,EAAoC;AAClC;AACA;AACA,YAAIe,cAAc,IAAI,KAAKX,IAA3B,EAAiC;AAC/B,iBAAOuD,OAAP;AACD;;AAED,YAAM8B,WAAW,GAAG,KAAKpG,UAAL,CAAgBqG,KAAhB,CAAsBC,GAAtB,CAA0B,KAAK9F,WAA/B,CAApB;;AAEA,YAAI4F,WAAJ,EAAiB;AACf,cAAIlG,OAAO,CAAC6B,OAAZ,EAAqB;AACnBuC,YAAAA,OAAO,CAACjC,IAAR,CAAa+D,WAAb;AACD,WAFD,MAEO;AACL9B,YAAAA,OAAO,CAACiC,GAAR,CAAY,KAAK/F,WAAjB,EAA8B4F,WAA9B;AACD;AACF;;AAED,eAAO9B,OAAP;AACD,OA9B0B,CAgC3B;AAEA;AACA;AACA;;;AACA,UAAIV,SAAJ;;AACA,UAAI,KAAKxD,OAAL,CAAaQ,WAAb,MAA8BV,OAAO,CAAC6B,OAA1C,EAAmD;AACjD,YAAI7B,OAAO,CAAC0D,SAAZ,EAAuB;AACrBA,UAAAA,SAAS,GAAG1D,OAAO,CAAC0D,SAApB;AACAA,UAAAA,SAAS,CAAC4C,KAAV;AACD,SAHD,MAGO;AACL5C,UAAAA,SAAS,GAAG,IAAIhE,eAAe,CAACiE,MAApB,EAAZ;AACD;AACF;;AAED,WAAK7D,UAAL,CAAgBqG,KAAhB,CAAsBlE,OAAtB,CAA8B,UAACC,GAAD,EAAMqE,EAAN,EAAa;AACzC,YAAMC,WAAW,GAAG,MAAI,CAACtG,OAAL,CAAauG,eAAb,CAA6BvE,GAA7B,CAApB;;AAEA,YAAIsE,WAAW,CAACxE,MAAhB,EAAwB;AACtB,cAAIhC,OAAO,CAAC6B,OAAZ,EAAqB;AACnBuC,YAAAA,OAAO,CAACjC,IAAR,CAAaD,GAAb;;AAEA,gBAAIwB,SAAS,IAAI8C,WAAW,CAACE,QAAZ,KAAyBjG,SAA1C,EAAqD;AACnDiD,cAAAA,SAAS,CAAC2C,GAAV,CAAcE,EAAd,EAAkBC,WAAW,CAACE,QAA9B;AACD;AACF,WAND,MAMO;AACLtC,YAAAA,OAAO,CAACiC,GAAR,CAAYE,EAAZ,EAAgBrE,GAAhB;AACD;AACF,SAbwC,CAezC;;;AACA,YAAI,CAACV,cAAL,EAAqB;AACnB,iBAAO,IAAP;AACD,SAlBwC,CAoBzC;AACA;;;AACA,eACE,CAAC,MAAI,CAACV,KAAN,IACA,MAAI,CAACD,IADL,IAEA,MAAI,CAACZ,MAFL,IAGAmE,OAAO,CAACtC,MAAR,KAAmB,MAAI,CAAChB,KAJ1B;AAMD,OA5BD;;AA8BA,UAAI,CAACd,OAAO,CAAC6B,OAAb,EAAsB;AACpB,eAAOuC,OAAP;AACD;;AAED,UAAI,KAAKnE,MAAT,EAAiB;AACfmE,QAAAA,OAAO,CAACzD,IAAR,CAAa,KAAKV,MAAL,CAAY0G,aAAZ,CAA0B;AAACjD,UAAAA,SAAS,EAATA;AAAD,SAA1B,CAAb;AACD,OAnF0B,CAqF3B;AACA;;;AACA,UAAI,CAAClC,cAAD,IAAoB,CAAC,KAAKV,KAAN,IAAe,CAAC,KAAKD,IAA7C,EAAoD;AAClD,eAAOuD,OAAP;AACD;;AAED,aAAOA,OAAO,CAACwC,KAAR,CACL,KAAK/F,IADA,EAEL,KAAKC,KAAL,GAAa,KAAKA,KAAL,GAAa,KAAKD,IAA/B,GAAsCuD,OAAO,CAACtC,MAFzC,CAAP;AAID;;;;;SAED+E,c;AAAA,4BAAeC,YAAf,EAA6B;AAC3B;AACA,UAAI,CAACC,OAAO,CAACC,KAAb,EAAoB;AAClB,cAAM,IAAIvD,KAAJ,CACJ,4DADI,CAAN;AAGD;;AAED,UAAI,CAAC,KAAK3D,UAAL,CAAgBmG,IAArB,EAA2B;AACzB,cAAM,IAAIxC,KAAJ,CACJ,2DADI,CAAN;AAGD;;AAED,aAAOsD,OAAO,CAACC,KAAR,CAAcC,KAAd,CAAoBC,UAApB,CAA+BL,cAA/B,CACL,IADK,EAELC,YAFK,EAGL,KAAKhH,UAAL,CAAgBmG,IAHX,CAAP;AAKD","sourcesContent":["import LocalCollection from './local_collection.js';\nimport { hasOwn } from './common.js';\n\n// Cursor: a specification for a particular subset of documents, w/ a defined\n// order, limit, and offset.  creating a Cursor with LocalCollection.find(),\nexport default class Cursor {\n  // don't call this ctor directly.  use LocalCollection.find().\n  constructor(collection, selector, options = {}) {\n    this.collection = collection;\n    this.sorter = null;\n    this.matcher = new Minimongo.Matcher(selector);\n\n    if (LocalCollection._selectorIsIdPerhapsAsObject(selector)) {\n      // stash for fast _id and { _id }\n      this._selectorId = hasOwn.call(selector, '_id')\n        ? selector._id\n        : selector;\n    } else {\n      this._selectorId = undefined;\n\n      if (this.matcher.hasGeoQuery() || options.sort) {\n        this.sorter = new Minimongo.Sorter(options.sort || []);\n      }\n    }\n\n    this.skip = options.skip || 0;\n    this.limit = options.limit;\n    this.fields = options.fields;\n\n    this._projectionFn = LocalCollection._compileProjection(this.fields || {});\n\n    this._transform = LocalCollection.wrapTransform(options.transform);\n\n    // by default, queries register w/ Tracker when it is available.\n    if (typeof Tracker !== 'undefined') {\n      this.reactive = options.reactive === undefined ? true : options.reactive;\n    }\n  }\n\n  /**\n   * @summary Returns the number of documents that match a query.\n   * @memberOf Mongo.Cursor\n   * @method  count\n   * @param {boolean} [applySkipLimit=true] If set to `false`, the value\n   *                                         returned will reflect the total\n   *                                         number of matching documents,\n   *                                         ignoring any value supplied for\n   *                                         limit\n   * @instance\n   * @locus Anywhere\n   * @returns {Number}\n   */\n  count(applySkipLimit = true) {\n    if (this.reactive) {\n      // allow the observe to be unordered\n      this._depend({added: true, removed: true}, true);\n    }\n\n    return this._getRawObjects({\n      ordered: true,\n      applySkipLimit\n    }).length;\n  }\n\n  /**\n   * @summary Return all matching documents as an Array.\n   * @memberOf Mongo.Cursor\n   * @method  fetch\n   * @instance\n   * @locus Anywhere\n   * @returns {Object[]}\n   */\n  fetch() {\n    const result = [];\n\n    this.forEach(doc => {\n      result.push(doc);\n    });\n\n    return result;\n  }\n\n  [Symbol.iterator]() {\n    if (this.reactive) {\n      this._depend({\n        addedBefore: true,\n        removed: true,\n        changed: true,\n        movedBefore: true});\n    }\n\n    let index = 0;\n    const objects = this._getRawObjects({ordered: true});\n\n    return {\n      next: () => {\n        if (index < objects.length) {\n          // This doubles as a clone operation.\n          let element = this._projectionFn(objects[index++]);\n\n          if (this._transform)\n            element = this._transform(element);\n\n          return {value: element};\n        }\n\n        return {done: true};\n      }\n    };\n  }\n\n  /**\n   * @callback IterationCallback\n   * @param {Object} doc\n   * @param {Number} index\n   */\n  /**\n   * @summary Call `callback` once for each matching document, sequentially and\n   *          synchronously.\n   * @locus Anywhere\n   * @method  forEach\n   * @instance\n   * @memberOf Mongo.Cursor\n   * @param {IterationCallback} callback Function to call. It will be called\n   *                                     with three arguments: the document, a\n   *                                     0-based index, and <em>cursor</em>\n   *                                     itself.\n   * @param {Any} [thisArg] An object which will be the value of `this` inside\n   *                        `callback`.\n   */\n  forEach(callback, thisArg) {\n    if (this.reactive) {\n      this._depend({\n        addedBefore: true,\n        removed: true,\n        changed: true,\n        movedBefore: true});\n    }\n\n    this._getRawObjects({ordered: true}).forEach((element, i) => {\n      // This doubles as a clone operation.\n      element = this._projectionFn(element);\n\n      if (this._transform) {\n        element = this._transform(element);\n      }\n\n      callback.call(thisArg, element, i, this);\n    });\n  }\n\n  getTransform() {\n    return this._transform;\n  }\n\n  /**\n   * @summary Map callback over all matching documents.  Returns an Array.\n   * @locus Anywhere\n   * @method map\n   * @instance\n   * @memberOf Mongo.Cursor\n   * @param {IterationCallback} callback Function to call. It will be called\n   *                                     with three arguments: the document, a\n   *                                     0-based index, and <em>cursor</em>\n   *                                     itself.\n   * @param {Any} [thisArg] An object which will be the value of `this` inside\n   *                        `callback`.\n   */\n  map(callback, thisArg) {\n    const result = [];\n\n    this.forEach((doc, i) => {\n      result.push(callback.call(thisArg, doc, i, this));\n    });\n\n    return result;\n  }\n\n  // options to contain:\n  //  * callbacks for observe():\n  //    - addedAt (document, atIndex)\n  //    - added (document)\n  //    - changedAt (newDocument, oldDocument, atIndex)\n  //    - changed (newDocument, oldDocument)\n  //    - removedAt (document, atIndex)\n  //    - removed (document)\n  //    - movedTo (document, oldIndex, newIndex)\n  //\n  // attributes available on returned query handle:\n  //  * stop(): end updates\n  //  * collection: the collection this query is querying\n  //\n  // iff x is a returned query handle, (x instanceof\n  // LocalCollection.ObserveHandle) is true\n  //\n  // initial results delivered through added callback\n  // XXX maybe callbacks should take a list of objects, to expose transactions?\n  // XXX maybe support field limiting (to limit what you're notified on)\n\n  /**\n   * @summary Watch a query.  Receive callbacks as the result set changes.\n   * @locus Anywhere\n   * @memberOf Mongo.Cursor\n   * @instance\n   * @param {Object} callbacks Functions to call to deliver the result set as it\n   *                           changes\n   */\n  observe(options) {\n    return LocalCollection._observeFromObserveChanges(this, options);\n  }\n\n  /**\n   * @summary Watch a query. Receive callbacks as the result set changes. Only\n   *          the differences between the old and new documents are passed to\n   *          the callbacks.\n   * @locus Anywhere\n   * @memberOf Mongo.Cursor\n   * @instance\n   * @param {Object} callbacks Functions to call to deliver the result set as it\n   *                           changes\n   */\n  observeChanges(options) {\n    const ordered = LocalCollection._observeChangesCallbacksAreOrdered(options);\n\n    // there are several places that assume you aren't combining skip/limit with\n    // unordered observe.  eg, update's EJSON.clone, and the \"there are several\"\n    // comment in _modifyAndNotify\n    // XXX allow skip/limit with unordered observe\n    if (!options._allow_unordered && !ordered && (this.skip || this.limit)) {\n      throw new Error(\n        \"Must use an ordered observe with skip or limit (i.e. 'addedBefore' \" +\n        \"for observeChanges or 'addedAt' for observe, instead of 'added').\"\n      );\n    }\n\n    if (this.fields && (this.fields._id === 0 || this.fields._id === false)) {\n      throw Error('You may not observe a cursor with {fields: {_id: 0}}');\n    }\n\n    const distances = (\n      this.matcher.hasGeoQuery() &&\n      ordered &&\n      new LocalCollection._IdMap\n    );\n\n    const query = {\n      cursor: this,\n      dirty: false,\n      distances,\n      matcher: this.matcher, // not fast pathed\n      ordered,\n      projectionFn: this._projectionFn,\n      resultsSnapshot: null,\n      sorter: ordered && this.sorter\n    };\n\n    let qid;\n\n    // Non-reactive queries call added[Before] and then never call anything\n    // else.\n    if (this.reactive) {\n      qid = this.collection.next_qid++;\n      this.collection.queries[qid] = query;\n    }\n\n    query.results = this._getRawObjects({ordered, distances: query.distances});\n\n    if (this.collection.paused) {\n      query.resultsSnapshot = ordered ? [] : new LocalCollection._IdMap;\n    }\n\n    // wrap callbacks we were passed. callbacks only fire when not paused and\n    // are never undefined\n    // Filters out blacklisted fields according to cursor's projection.\n    // XXX wrong place for this?\n\n    // furthermore, callbacks enqueue until the operation we're working on is\n    // done.\n    const wrapCallback = fn => {\n      if (!fn) {\n        return () => {};\n      }\n\n      const self = this;\n      return function(/* args*/) {\n        if (self.collection.paused) {\n          return;\n        }\n\n        const args = arguments;\n\n        self.collection._observeQueue.queueTask(() => {\n          fn.apply(this, args);\n        });\n      };\n    };\n\n    query.added = wrapCallback(options.added);\n    query.changed = wrapCallback(options.changed);\n    query.removed = wrapCallback(options.removed);\n\n    if (ordered) {\n      query.addedBefore = wrapCallback(options.addedBefore);\n      query.movedBefore = wrapCallback(options.movedBefore);\n    }\n\n    if (!options._suppress_initial && !this.collection.paused) {\n      query.results.forEach(doc => {\n        const fields = EJSON.clone(doc);\n\n        delete fields._id;\n\n        if (ordered) {\n          query.addedBefore(doc._id, this._projectionFn(fields), null);\n        }\n\n        query.added(doc._id, this._projectionFn(fields));\n      });\n    }\n\n    const handle = Object.assign(new LocalCollection.ObserveHandle, {\n      collection: this.collection,\n      stop: () => {\n        if (this.reactive) {\n          delete this.collection.queries[qid];\n        }\n      }\n    });\n\n    if (this.reactive && Tracker.active) {\n      // XXX in many cases, the same observe will be recreated when\n      // the current autorun is rerun.  we could save work by\n      // letting it linger across rerun and potentially get\n      // repurposed if the same observe is performed, using logic\n      // similar to that of Meteor.subscribe.\n      Tracker.onInvalidate(() => {\n        handle.stop();\n      });\n    }\n\n    // run the observe callbacks resulting from the initial contents\n    // before we leave the observe.\n    this.collection._observeQueue.drain();\n\n    return handle;\n  }\n\n  // Since we don't actually have a \"nextObject\" interface, there's really no\n  // reason to have a \"rewind\" interface.  All it did was make multiple calls\n  // to fetch/map/forEach return nothing the second time.\n  // XXX COMPAT WITH 0.8.1\n  rewind() {}\n\n  // XXX Maybe we need a version of observe that just calls a callback if\n  // anything changed.\n  _depend(changers, _allow_unordered) {\n    if (Tracker.active) {\n      const dependency = new Tracker.Dependency;\n      const notify = dependency.changed.bind(dependency);\n\n      dependency.depend();\n\n      const options = {_allow_unordered, _suppress_initial: true};\n\n      ['added', 'addedBefore', 'changed', 'movedBefore', 'removed']\n        .forEach(fn => {\n          if (changers[fn]) {\n            options[fn] = notify;\n          }\n        });\n\n      // observeChanges will stop() when this computation is invalidated\n      this.observeChanges(options);\n    }\n  }\n\n  _getCollectionName() {\n    return this.collection.name;\n  }\n\n  // Returns a collection of matching objects, but doesn't deep copy them.\n  //\n  // If ordered is set, returns a sorted array, respecting sorter, skip, and\n  // limit properties of the query provided that options.applySkipLimit is\n  // not set to false (#1201). If sorter is falsey, no sort -- you get the\n  // natural order.\n  //\n  // If ordered is not set, returns an object mapping from ID to doc (sorter,\n  // skip and limit should not be set).\n  //\n  // If ordered is set and this cursor is a $near geoquery, then this function\n  // will use an _IdMap to track each distance from the $near argument point in\n  // order to use it as a sort key. If an _IdMap is passed in the 'distances'\n  // argument, this function will clear it and use it for this purpose\n  // (otherwise it will just create its own _IdMap). The observeChanges\n  // implementation uses this to remember the distances after this function\n  // returns.\n  _getRawObjects(options = {}) {\n    // By default this method will respect skip and limit because .fetch(),\n    // .forEach() etc... expect this behaviour. It can be forced to ignore\n    // skip and limit by setting applySkipLimit to false (.count() does this,\n    // for example)\n    const applySkipLimit = options.applySkipLimit !== false;\n\n    // XXX use OrderedDict instead of array, and make IdMap and OrderedDict\n    // compatible\n    const results = options.ordered ? [] : new LocalCollection._IdMap;\n\n    // fast path for single ID value\n    if (this._selectorId !== undefined) {\n      // If you have non-zero skip and ask for a single id, you get nothing.\n      // This is so it matches the behavior of the '{_id: foo}' path.\n      if (applySkipLimit && this.skip) {\n        return results;\n      }\n\n      const selectedDoc = this.collection._docs.get(this._selectorId);\n\n      if (selectedDoc) {\n        if (options.ordered) {\n          results.push(selectedDoc);\n        } else {\n          results.set(this._selectorId, selectedDoc);\n        }\n      }\n\n      return results;\n    }\n\n    // slow path for arbitrary selector, sort, skip, limit\n\n    // in the observeChanges case, distances is actually part of the \"query\"\n    // (ie, live results set) object.  in other cases, distances is only used\n    // inside this function.\n    let distances;\n    if (this.matcher.hasGeoQuery() && options.ordered) {\n      if (options.distances) {\n        distances = options.distances;\n        distances.clear();\n      } else {\n        distances = new LocalCollection._IdMap();\n      }\n    }\n\n    this.collection._docs.forEach((doc, id) => {\n      const matchResult = this.matcher.documentMatches(doc);\n\n      if (matchResult.result) {\n        if (options.ordered) {\n          results.push(doc);\n\n          if (distances && matchResult.distance !== undefined) {\n            distances.set(id, matchResult.distance);\n          }\n        } else {\n          results.set(id, doc);\n        }\n      }\n\n      // Override to ensure all docs are matched if ignoring skip & limit\n      if (!applySkipLimit) {\n        return true;\n      }\n\n      // Fast path for limited unsorted queries.\n      // XXX 'length' check here seems wrong for ordered\n      return (\n        !this.limit ||\n        this.skip ||\n        this.sorter ||\n        results.length !== this.limit\n      );\n    });\n\n    if (!options.ordered) {\n      return results;\n    }\n\n    if (this.sorter) {\n      results.sort(this.sorter.getComparator({distances}));\n    }\n\n    // Return the full set of results if there is no skip or limit or if we're\n    // ignoring them\n    if (!applySkipLimit || (!this.limit && !this.skip)) {\n      return results;\n    }\n\n    return results.slice(\n      this.skip,\n      this.limit ? this.limit + this.skip : results.length\n    );\n  }\n\n  _publishCursor(subscription) {\n    // XXX minimongo should not depend on mongo-livedata!\n    if (!Package.mongo) {\n      throw new Error(\n        'Can\\'t publish from Minimongo without the `mongo` package.'\n      );\n    }\n\n    if (!this.collection.name) {\n      throw new Error(\n        'Can\\'t publish a cursor from a collection without a name.'\n      );\n    }\n\n    return Package.mongo.Mongo.Collection._publishCursor(\n      this,\n      subscription,\n      this.collection.name\n    );\n  }\n}\n"]},"sourceType":"module","hash":"203e2b9f2f01dc14c5270ea190026d5f6d2aec21"}
