{"metadata":{},"options":{"assumptions":{},"compact":false,"sourceMaps":true,"ast":true,"babelrc":false,"configFile":false,"parserOpts":{"sourceType":"module","sourceFileName":"C:\\Users\\andrejs\\Documents\\99_LU\\viziquer\\git\\viziquer-dss\\packages\\htmljs\\preamble.js","plugins":["*","flow","jsx","asyncGenerators","bigInt","classPrivateMethods","classPrivateProperties","classProperties","doExpressions","dynamicImport","exportDefaultFrom","exportExtensions","exportNamespaceFrom","functionBind","functionSent","importMeta","nullishCoalescingOperator","numericSeparator","objectRestSpread","optionalCatchBinding","optionalChaining",["pipelineOperator",{"proposal":"minimal"}],"throwExpressions","objectRestSpread","objectRestSpread","asyncGenerators","classProperties","classPrivateProperties","jsx","nullishCoalescingOperator","nullishCoalescingOperator","optionalChaining","optionalChaining","optionalCatchBinding","optionalCatchBinding","classProperties","classPrivateProperties","classPrivateMethods","classProperties","classPrivateProperties","asyncGenerators","asyncGenerators","objectRestSpread","objectRestSpread"],"allowImportExportEverywhere":true,"allowReturnOutsideFunction":true,"allowUndeclaredExports":true,"strictMode":false},"caller":{"name":"meteor","arch":"os.windows.x86_64"},"sourceFileName":"packages/htmljs/preamble.js","filename":"C:\\Users\\andrejs\\Documents\\99_LU\\viziquer\\git\\viziquer-dss\\packages\\htmljs\\preamble.js","targets":{},"cloneInputAst":true,"browserslistConfigFile":false,"passPerPreset":false,"envName":"development","cwd":"C:\\Users\\andrejs\\Documents\\99_LU\\viziquer\\git\\viziquer-dss","root":"C:\\Users\\andrejs\\Documents\\99_LU\\viziquer\\git\\viziquer-dss","rootMode":"root","plugins":[{"key":"base$0","visitor":{"_exploded":true,"_verified":true},"options":{}},{"key":"base$0$0","visitor":{"Program":{"enter":[null],"exit":[null]},"_exploded":true,"_verified":true},"options":{"avoidModernSyntax":false,"enforceStrictMode":false,"dynamicImport":true,"generateLetDeclarations":true}},{"key":"transform-runtime","visitor":{"MemberExpression":{"enter":[null]},"ObjectPattern":{"enter":[null]},"BinaryExpression":{"enter":[null]},"_exploded":{},"_verified":{},"Identifier":{"enter":[null]},"JSXIdentifier":{"enter":[null]}},"options":{"version":"7.13.10","helpers":true,"useESModules":false,"corejs":false}},{"key":"syntax-object-rest-spread","visitor":{"_exploded":true,"_verified":true},"options":{}},{"key":"proposal-object-rest-spread","visitor":{"_exploded":{},"_verified":{},"VariableDeclarator":{"enter":[null]},"ExportNamedDeclaration":{"enter":[null]},"CatchClause":{"enter":[null]},"AssignmentExpression":{"enter":[null]},"ArrayPattern":{"enter":[null]},"ObjectExpression":{"enter":[null]},"FunctionDeclaration":{"enter":[null]},"FunctionExpression":{"enter":[null]},"ObjectMethod":{"enter":[null]},"ArrowFunctionExpression":{"enter":[null]},"ClassMethod":{"enter":[null]},"ClassPrivateMethod":{"enter":[null]},"ForInStatement":{"enter":[null]},"ForOfStatement":{"enter":[null]}},"options":{}},{"key":"transform-meteor-async-await","visitor":{"AwaitExpression":{"enter":[null]},"_exploded":true,"_verified":true,"FunctionDeclaration":{"exit":[null]},"FunctionExpression":{"exit":[null]},"ObjectMethod":{"exit":[null]},"ArrowFunctionExpression":{"exit":[null]},"ClassMethod":{"exit":[null]},"ClassPrivateMethod":{"exit":[null]}},"options":{"useNativeAsyncAwait":false}},{"key":"proposal-async-generator-functions","visitor":{"_exploded":{},"_verified":{},"Program":{"enter":[null]}},"options":{}},{"key":"proposal-class-properties","visitor":{"PrivateName":{"enter":[null]},"ExportDefaultDeclaration":{"enter":[null]},"_exploded":true,"_verified":true,"ClassExpression":{"enter":[null]},"ClassDeclaration":{"enter":[null]}},"options":{"loose":true}},{"key":"transform-react-jsx","visitor":{"_exploded":{},"_verified":{},"JSXNamespacedName":{"enter":[null]},"JSXSpreadChild":{"enter":[null]},"Program":{"enter":[null]},"JSXElement":{"exit":[null]},"JSXFragment":{"exit":[null]},"JSXAttribute":{"enter":[null]}},"options":{"pragma":"React.createElement","pragmaFrag":"React.Fragment","runtime":"classic","throwIfNamespace":true,"useBuiltIns":false}},{"key":"transform-react-display-name","visitor":{"ExportDefaultDeclaration":{"enter":[null]},"CallExpression":{"enter":[null]},"_exploded":true,"_verified":true},"options":{}},{"key":"transform-react-pure-annotations","visitor":{"CallExpression":{"enter":[null]},"_exploded":true,"_verified":true},"options":{}},{"key":"syntax-nullish-coalescing-operator","visitor":{"_exploded":true,"_verified":true},"options":{}},{"key":"proposal-nullish-coalescing-operator","visitor":{"_exploded":{},"_verified":{},"LogicalExpression":{"enter":[null]}},"options":{}},{"key":"syntax-optional-chaining","visitor":{"_exploded":true,"_verified":true},"options":{}},{"key":"proposal-optional-chaining","visitor":{"_exploded":{},"_verified":{},"OptionalCallExpression":{"enter":[null]},"OptionalMemberExpression":{"enter":[null]}},"options":{}},{"key":"syntax-optional-catch-binding","visitor":{"_exploded":true,"_verified":true},"options":{}},{"key":"proposal-optional-catch-binding","visitor":{"_exploded":{},"_verified":{},"CatchClause":{"enter":[null]}},"options":{}},{"key":"syntax-class-properties","visitor":{"_exploded":true,"_verified":true},"options":{}},{"key":"proposal-class-properties","visitor":{"PrivateName":{"enter":[null]},"ExportDefaultDeclaration":{"enter":[null]},"_exploded":true,"_verified":true,"ClassExpression":{"enter":[null]},"ClassDeclaration":{"enter":[null]}},"options":{}},{"key":"syntax-async-generators","visitor":{"_exploded":true,"_verified":true},"options":{}},{"key":"proposal-async-generator-functions","visitor":{"_exploded":{},"_verified":{},"Program":{"enter":[null]}},"options":{}},{"key":"syntax-object-rest-spread","visitor":{"_exploded":true,"_verified":true},"options":{}},{"key":"proposal-object-rest-spread","visitor":{"_exploded":{},"_verified":{},"VariableDeclarator":{"enter":[null]},"ExportNamedDeclaration":{"enter":[null]},"CatchClause":{"enter":[null]},"AssignmentExpression":{"enter":[null]},"ArrayPattern":{"enter":[null]},"ObjectExpression":{"enter":[null]},"FunctionDeclaration":{"enter":[null]},"FunctionExpression":{"enter":[null]},"ObjectMethod":{"enter":[null]},"ArrowFunctionExpression":{"enter":[null]},"ClassMethod":{"enter":[null]},"ClassPrivateMethod":{"enter":[null]},"ForInStatement":{"enter":[null]},"ForOfStatement":{"enter":[null]}},"options":{}},{"key":"transform-literals","visitor":{"NumericLiteral":{"enter":[null]},"StringLiteral":{"enter":[null]},"_exploded":true,"_verified":true},"options":{}},{"key":"transform-template-literals","visitor":{"TaggedTemplateExpression":{"enter":[null]},"TemplateLiteral":{"enter":[null]},"_exploded":true,"_verified":true},"options":{}},{"key":"transform-parameters","visitor":{"_exploded":true,"_verified":true,"FunctionDeclaration":{"enter":[null]},"FunctionExpression":{"enter":[null]},"ObjectMethod":{"enter":[null]},"ArrowFunctionExpression":{"enter":[null]},"ClassMethod":{"enter":[null]},"ClassPrivateMethod":{"enter":[null]}},"options":{}},{"key":"transform-exponentiation-operator","visitor":{"AssignmentExpression":{"enter":[null]},"BinaryExpression":{"enter":[null]},"_exploded":true,"_verified":true},"options":{}}],"presets":[],"generatorOpts":{"filename":"C:\\Users\\andrejs\\Documents\\99_LU\\viziquer\\git\\viziquer-dss\\packages\\htmljs\\preamble.js","comments":true,"compact":false,"sourceMaps":true,"sourceFileName":"packages/htmljs/preamble.js"}},"code":"module.export({\n  HTML: () => HTML\n});\nlet HTMLTags, Tag, Attrs, getTag, ensureTag, isTagEnsured, getSymbolName, knownHTMLElementNames, knownSVGElementNames, knownElementNames, voidElementNames, isKnownElement, isKnownSVGElement, isVoidElement, CharRef, Comment, Raw, isArray, isConstructedObject, isNully, isValidAttributeName, flattenAttributes;\nmodule.link(\"./html\", {\n  HTMLTags(v) {\n    HTMLTags = v;\n  },\n\n  Tag(v) {\n    Tag = v;\n  },\n\n  Attrs(v) {\n    Attrs = v;\n  },\n\n  getTag(v) {\n    getTag = v;\n  },\n\n  ensureTag(v) {\n    ensureTag = v;\n  },\n\n  isTagEnsured(v) {\n    isTagEnsured = v;\n  },\n\n  getSymbolName(v) {\n    getSymbolName = v;\n  },\n\n  knownHTMLElementNames(v) {\n    knownHTMLElementNames = v;\n  },\n\n  knownSVGElementNames(v) {\n    knownSVGElementNames = v;\n  },\n\n  knownElementNames(v) {\n    knownElementNames = v;\n  },\n\n  voidElementNames(v) {\n    voidElementNames = v;\n  },\n\n  isKnownElement(v) {\n    isKnownElement = v;\n  },\n\n  isKnownSVGElement(v) {\n    isKnownSVGElement = v;\n  },\n\n  isVoidElement(v) {\n    isVoidElement = v;\n  },\n\n  CharRef(v) {\n    CharRef = v;\n  },\n\n  Comment(v) {\n    Comment = v;\n  },\n\n  Raw(v) {\n    Raw = v;\n  },\n\n  isArray(v) {\n    isArray = v;\n  },\n\n  isConstructedObject(v) {\n    isConstructedObject = v;\n  },\n\n  isNully(v) {\n    isNully = v;\n  },\n\n  isValidAttributeName(v) {\n    isValidAttributeName = v;\n  },\n\n  flattenAttributes(v) {\n    flattenAttributes = v;\n  }\n\n}, 0);\nlet Visitor, TransformingVisitor, ToHTMLVisitor, ToTextVisitor, toHTML, TEXTMODE, toText;\nmodule.link(\"./visitors\", {\n  Visitor(v) {\n    Visitor = v;\n  },\n\n  TransformingVisitor(v) {\n    TransformingVisitor = v;\n  },\n\n  ToHTMLVisitor(v) {\n    ToHTMLVisitor = v;\n  },\n\n  ToTextVisitor(v) {\n    ToTextVisitor = v;\n  },\n\n  toHTML(v) {\n    toHTML = v;\n  },\n\n  TEXTMODE(v) {\n    TEXTMODE = v;\n  },\n\n  toText(v) {\n    toText = v;\n  }\n\n}, 1);\nconst HTML = Object.assign(HTMLTags, {\n  Tag,\n  Attrs,\n  getTag,\n  ensureTag,\n  isTagEnsured,\n  getSymbolName,\n  knownHTMLElementNames,\n  knownSVGElementNames,\n  knownElementNames,\n  voidElementNames,\n  isKnownElement,\n  isKnownSVGElement,\n  isVoidElement,\n  CharRef,\n  Comment,\n  Raw,\n  isArray,\n  isConstructedObject,\n  isNully,\n  isValidAttributeName,\n  flattenAttributes,\n  toHTML,\n  TEXTMODE,\n  toText,\n  Visitor,\n  TransformingVisitor,\n  ToHTMLVisitor,\n  ToTextVisitor\n});","map":{"version":3,"sources":["packages/htmljs/preamble.js"],"names":["module","export","HTML","HTMLTags","Tag","Attrs","getTag","ensureTag","isTagEnsured","getSymbolName","knownHTMLElementNames","knownSVGElementNames","knownElementNames","voidElementNames","isKnownElement","isKnownSVGElement","isVoidElement","CharRef","Comment","Raw","isArray","isConstructedObject","isNully","isValidAttributeName","flattenAttributes","link","v","Visitor","TransformingVisitor","ToHTMLVisitor","ToTextVisitor","toHTML","TEXTMODE","toText","Object","assign"],"mappings":"AAAAA,MAAM,CAACC,MAAP,CAAc;AAACC,EAAAA,IAAI,EAAC,MAAIA;AAAV,CAAd;AAA+B,IAAIC,QAAJ,EAAaC,GAAb,EAAiBC,KAAjB,EAAuBC,MAAvB,EAA8BC,SAA9B,EAAwCC,YAAxC,EAAqDC,aAArD,EAAmEC,qBAAnE,EAAyFC,oBAAzF,EAA8GC,iBAA9G,EAAgIC,gBAAhI,EAAiJC,cAAjJ,EAAgKC,iBAAhK,EAAkLC,aAAlL,EAAgMC,OAAhM,EAAwMC,OAAxM,EAAgNC,GAAhN,EAAoNC,OAApN,EAA4NC,mBAA5N,EAAgPC,OAAhP,EAAwPC,oBAAxP,EAA6QC,iBAA7Q;AAA+RxB,MAAM,CAACyB,IAAP,CAAY,QAAZ,EAAqB;AAACtB,EAAAA,QAAQ,CAACuB,CAAD,EAAG;AAACvB,IAAAA,QAAQ,GAACuB,CAAT;AAAW,GAAxB;;AAAyBtB,EAAAA,GAAG,CAACsB,CAAD,EAAG;AAACtB,IAAAA,GAAG,GAACsB,CAAJ;AAAM,GAAtC;;AAAuCrB,EAAAA,KAAK,CAACqB,CAAD,EAAG;AAACrB,IAAAA,KAAK,GAACqB,CAAN;AAAQ,GAAxD;;AAAyDpB,EAAAA,MAAM,CAACoB,CAAD,EAAG;AAACpB,IAAAA,MAAM,GAACoB,CAAP;AAAS,GAA5E;;AAA6EnB,EAAAA,SAAS,CAACmB,CAAD,EAAG;AAACnB,IAAAA,SAAS,GAACmB,CAAV;AAAY,GAAtG;;AAAuGlB,EAAAA,YAAY,CAACkB,CAAD,EAAG;AAAClB,IAAAA,YAAY,GAACkB,CAAb;AAAe,GAAtI;;AAAuIjB,EAAAA,aAAa,CAACiB,CAAD,EAAG;AAACjB,IAAAA,aAAa,GAACiB,CAAd;AAAgB,GAAxK;;AAAyKhB,EAAAA,qBAAqB,CAACgB,CAAD,EAAG;AAAChB,IAAAA,qBAAqB,GAACgB,CAAtB;AAAwB,GAA1N;;AAA2Nf,EAAAA,oBAAoB,CAACe,CAAD,EAAG;AAACf,IAAAA,oBAAoB,GAACe,CAArB;AAAuB,GAA1Q;;AAA2Qd,EAAAA,iBAAiB,CAACc,CAAD,EAAG;AAACd,IAAAA,iBAAiB,GAACc,CAAlB;AAAoB,GAApT;;AAAqTb,EAAAA,gBAAgB,CAACa,CAAD,EAAG;AAACb,IAAAA,gBAAgB,GAACa,CAAjB;AAAmB,GAA5V;;AAA6VZ,EAAAA,cAAc,CAACY,CAAD,EAAG;AAACZ,IAAAA,cAAc,GAACY,CAAf;AAAiB,GAAhY;;AAAiYX,EAAAA,iBAAiB,CAACW,CAAD,EAAG;AAACX,IAAAA,iBAAiB,GAACW,CAAlB;AAAoB,GAA1a;;AAA2aV,EAAAA,aAAa,CAACU,CAAD,EAAG;AAACV,IAAAA,aAAa,GAACU,CAAd;AAAgB,GAA5c;;AAA6cT,EAAAA,OAAO,CAACS,CAAD,EAAG;AAACT,IAAAA,OAAO,GAACS,CAAR;AAAU,GAAle;;AAAmeR,EAAAA,OAAO,CAACQ,CAAD,EAAG;AAACR,IAAAA,OAAO,GAACQ,CAAR;AAAU,GAAxf;;AAAyfP,EAAAA,GAAG,CAACO,CAAD,EAAG;AAACP,IAAAA,GAAG,GAACO,CAAJ;AAAM,GAAtgB;;AAAugBN,EAAAA,OAAO,CAACM,CAAD,EAAG;AAACN,IAAAA,OAAO,GAACM,CAAR;AAAU,GAA5hB;;AAA6hBL,EAAAA,mBAAmB,CAACK,CAAD,EAAG;AAACL,IAAAA,mBAAmB,GAACK,CAApB;AAAsB,GAA1kB;;AAA2kBJ,EAAAA,OAAO,CAACI,CAAD,EAAG;AAACJ,IAAAA,OAAO,GAACI,CAAR;AAAU,GAAhmB;;AAAimBH,EAAAA,oBAAoB,CAACG,CAAD,EAAG;AAACH,IAAAA,oBAAoB,GAACG,CAArB;AAAuB,GAAhpB;;AAAipBF,EAAAA,iBAAiB,CAACE,CAAD,EAAG;AAACF,IAAAA,iBAAiB,GAACE,CAAlB;AAAoB;;AAA1rB,CAArB,EAAitB,CAAjtB;AAAotB,IAAIC,OAAJ,EAAYC,mBAAZ,EAAgCC,aAAhC,EAA8CC,aAA9C,EAA4DC,MAA5D,EAAmEC,QAAnE,EAA4EC,MAA5E;AAAmFjC,MAAM,CAACyB,IAAP,CAAY,YAAZ,EAAyB;AAACE,EAAAA,OAAO,CAACD,CAAD,EAAG;AAACC,IAAAA,OAAO,GAACD,CAAR;AAAU,GAAtB;;AAAuBE,EAAAA,mBAAmB,CAACF,CAAD,EAAG;AAACE,IAAAA,mBAAmB,GAACF,CAApB;AAAsB,GAApE;;AAAqEG,EAAAA,aAAa,CAACH,CAAD,EAAG;AAACG,IAAAA,aAAa,GAACH,CAAd;AAAgB,GAAtG;;AAAuGI,EAAAA,aAAa,CAACJ,CAAD,EAAG;AAACI,IAAAA,aAAa,GAACJ,CAAd;AAAgB,GAAxI;;AAAyIK,EAAAA,MAAM,CAACL,CAAD,EAAG;AAACK,IAAAA,MAAM,GAACL,CAAP;AAAS,GAA5J;;AAA6JM,EAAAA,QAAQ,CAACN,CAAD,EAAG;AAACM,IAAAA,QAAQ,GAACN,CAAT;AAAW,GAApL;;AAAqLO,EAAAA,MAAM,CAACP,CAAD,EAAG;AAACO,IAAAA,MAAM,GAACP,CAAP;AAAS;;AAAxM,CAAzB,EAAmO,CAAnO;AAsC9lC,MAAMxB,IAAI,GAAGgC,MAAM,CAACC,MAAP,CAAchC,QAAd,EAAwB;AAC1CC,EAAAA,GAD0C;AAE1CC,EAAAA,KAF0C;AAG1CC,EAAAA,MAH0C;AAI1CC,EAAAA,SAJ0C;AAK1CC,EAAAA,YAL0C;AAM1CC,EAAAA,aAN0C;AAO1CC,EAAAA,qBAP0C;AAQ1CC,EAAAA,oBAR0C;AAS1CC,EAAAA,iBAT0C;AAU1CC,EAAAA,gBAV0C;AAW1CC,EAAAA,cAX0C;AAY1CC,EAAAA,iBAZ0C;AAa1CC,EAAAA,aAb0C;AAc1CC,EAAAA,OAd0C;AAe1CC,EAAAA,OAf0C;AAgB1CC,EAAAA,GAhB0C;AAiB1CC,EAAAA,OAjB0C;AAkB1CC,EAAAA,mBAlB0C;AAmB1CC,EAAAA,OAnB0C;AAoB1CC,EAAAA,oBApB0C;AAqB1CC,EAAAA,iBArB0C;AAsB1CO,EAAAA,MAtB0C;AAuB1CC,EAAAA,QAvB0C;AAwB1CC,EAAAA,MAxB0C;AAyB1CN,EAAAA,OAzB0C;AA0B1CC,EAAAA,mBA1B0C;AA2B1CC,EAAAA,aA3B0C;AA4B1CC,EAAAA;AA5B0C,CAAxB,CAAb","sourcesContent":["import {\n  HTMLTags,\n  Tag,\n  Attrs,\n  getTag,\n  ensureTag,\n  isTagEnsured,\n  getSymbolName,\n  knownHTMLElementNames,\n  knownSVGElementNames,\n  knownElementNames,\n  voidElementNames,\n  isKnownElement,\n  isKnownSVGElement,\n  isVoidElement,\n  CharRef,\n  Comment,\n  Raw,\n  isArray,\n  isConstructedObject,\n  isNully,\n  isValidAttributeName,\n  flattenAttributes,\n} from './html';\n\nimport {\n  Visitor,\n  TransformingVisitor,\n  ToHTMLVisitor,\n  ToTextVisitor,\n  toHTML,\n  TEXTMODE,\n  toText\n} from './visitors';\n\n\n// we're actually exporting the HTMLTags object.\n//  because it is dynamically altered by getTag/ensureTag\nexport const HTML = Object.assign(HTMLTags, {\n  Tag,\n  Attrs,\n  getTag,\n  ensureTag,\n  isTagEnsured,\n  getSymbolName,\n  knownHTMLElementNames,\n  knownSVGElementNames,\n  knownElementNames,\n  voidElementNames,\n  isKnownElement,\n  isKnownSVGElement,\n  isVoidElement,\n  CharRef,\n  Comment,\n  Raw,\n  isArray,\n  isConstructedObject,\n  isNully,\n  isValidAttributeName,\n  flattenAttributes,\n  toHTML,\n  TEXTMODE,\n  toText,\n  Visitor,\n  TransformingVisitor,\n  ToHTMLVisitor,\n  ToTextVisitor,\n});\n"]},"sourceType":"module","hash":"2fe3e3bfdd2eca08bab0bdba7583eca03a11c16a"}
