{"metadata":{},"options":{"assumptions":{},"compact":false,"sourceMaps":true,"ast":true,"babelrc":false,"configFile":false,"parserOpts":{"sourceType":"module","sourceFileName":"C:\\Users\\andrejs\\Documents\\99_LU\\viziquer\\git\\viziquer-dss\\packages\\spacebars-compiler\\preamble.js","plugins":["*","flow","jsx","asyncGenerators","bigInt","classPrivateMethods","classPrivateProperties","classProperties","doExpressions","dynamicImport","exportDefaultFrom","exportExtensions","exportNamespaceFrom","functionBind","functionSent","importMeta","nullishCoalescingOperator","numericSeparator","objectRestSpread","optionalCatchBinding","optionalChaining",["pipelineOperator",{"proposal":"minimal"}],"throwExpressions","classProperties","classPrivateProperties","jsx","nullishCoalescingOperator","nullishCoalescingOperator","optionalChaining","optionalChaining","optionalCatchBinding","optionalCatchBinding","classProperties","classPrivateProperties","classPrivateMethods","classProperties","classPrivateProperties","asyncGenerators","asyncGenerators","objectRestSpread","objectRestSpread"],"allowImportExportEverywhere":true,"allowReturnOutsideFunction":true,"allowUndeclaredExports":true,"strictMode":false},"caller":{"name":"meteor","arch":"web.browser"},"sourceFileName":"packages/spacebars-compiler/preamble.js","filename":"C:\\Users\\andrejs\\Documents\\99_LU\\viziquer\\git\\viziquer-dss\\packages\\spacebars-compiler\\preamble.js","targets":{},"cloneInputAst":true,"browserslistConfigFile":false,"passPerPreset":false,"envName":"development","cwd":"C:\\Users\\andrejs\\Documents\\99_LU\\viziquer\\git\\viziquer-dss","root":"C:\\Users\\andrejs\\Documents\\99_LU\\viziquer\\git\\viziquer-dss","rootMode":"root","plugins":[{"key":"base$0","visitor":{"_exploded":true,"_verified":true},"options":{}},{"key":"base$0$0","visitor":{"Program":{"enter":[null],"exit":[null]},"_exploded":true,"_verified":true},"options":{"avoidModernSyntax":false,"enforceStrictMode":false,"dynamicImport":true,"generateLetDeclarations":true}},{"key":"transform-runtime","visitor":{"MemberExpression":{"enter":[null]},"ObjectPattern":{"enter":[null]},"BinaryExpression":{"enter":[null]},"_exploded":{},"_verified":{},"Identifier":{"enter":[null]},"JSXIdentifier":{"enter":[null]}},"options":{"version":"7.13.10","helpers":true,"useESModules":false,"corejs":false}},{"key":"proposal-class-properties","visitor":{"PrivateName":{"enter":[null]},"ExportDefaultDeclaration":{"enter":[null]},"_exploded":true,"_verified":true,"ClassExpression":{"enter":[null]},"ClassDeclaration":{"enter":[null]}},"options":{"loose":true}},{"key":"transform-react-jsx","visitor":{"_exploded":{},"_verified":{},"JSXNamespacedName":{"enter":[null]},"JSXSpreadChild":{"enter":[null]},"Program":{"enter":[null]},"JSXElement":{"exit":[null]},"JSXFragment":{"exit":[null]},"JSXAttribute":{"enter":[null]}},"options":{"pragma":"React.createElement","pragmaFrag":"React.Fragment","runtime":"classic","throwIfNamespace":true,"useBuiltIns":false}},{"key":"transform-react-display-name","visitor":{"ExportDefaultDeclaration":{"enter":[null]},"CallExpression":{"enter":[null]},"_exploded":true,"_verified":true},"options":{}},{"key":"transform-react-pure-annotations","visitor":{"CallExpression":{"enter":[null]},"_exploded":true,"_verified":true},"options":{}},{"key":"syntax-nullish-coalescing-operator","visitor":{"_exploded":true,"_verified":true},"options":{}},{"key":"proposal-nullish-coalescing-operator","visitor":{"_exploded":{},"_verified":{},"LogicalExpression":{"enter":[null]}},"options":{}},{"key":"syntax-optional-chaining","visitor":{"_exploded":true,"_verified":true},"options":{}},{"key":"proposal-optional-chaining","visitor":{"_exploded":{},"_verified":{},"OptionalCallExpression":{"enter":[null]},"OptionalMemberExpression":{"enter":[null]}},"options":{}},{"key":"syntax-optional-catch-binding","visitor":{"_exploded":true,"_verified":true},"options":{}},{"key":"proposal-optional-catch-binding","visitor":{"_exploded":{},"_verified":{},"CatchClause":{"enter":[null]}},"options":{}},{"key":"syntax-class-properties","visitor":{"_exploded":true,"_verified":true},"options":{}},{"key":"proposal-class-properties","visitor":{"PrivateName":{"enter":[null]},"ExportDefaultDeclaration":{"enter":[null]},"_exploded":true,"_verified":true,"ClassExpression":{"enter":[null]},"ClassDeclaration":{"enter":[null]}},"options":{}},{"key":"syntax-async-generators","visitor":{"_exploded":true,"_verified":true},"options":{}},{"key":"proposal-async-generator-functions","visitor":{"_exploded":{},"_verified":{},"Program":{"enter":[null]}},"options":{}},{"key":"syntax-object-rest-spread","visitor":{"_exploded":true,"_verified":true},"options":{}},{"key":"proposal-object-rest-spread","visitor":{"_exploded":{},"_verified":{},"VariableDeclarator":{"enter":[null]},"ExportNamedDeclaration":{"enter":[null]},"CatchClause":{"enter":[null]},"AssignmentExpression":{"enter":[null]},"ArrayPattern":{"enter":[null]},"ObjectExpression":{"enter":[null]},"FunctionDeclaration":{"enter":[null]},"FunctionExpression":{"enter":[null]},"ObjectMethod":{"enter":[null]},"ArrowFunctionExpression":{"enter":[null]},"ClassMethod":{"enter":[null]},"ClassPrivateMethod":{"enter":[null]},"ForInStatement":{"enter":[null]},"ForOfStatement":{"enter":[null]}},"options":{}},{"key":"transform-literals","visitor":{"NumericLiteral":{"enter":[null]},"StringLiteral":{"enter":[null]},"_exploded":true,"_verified":true},"options":{}},{"key":"transform-template-literals","visitor":{"TaggedTemplateExpression":{"enter":[null]},"TemplateLiteral":{"enter":[null]},"_exploded":true,"_verified":true},"options":{}},{"key":"transform-parameters","visitor":{"_exploded":true,"_verified":true,"FunctionDeclaration":{"enter":[null]},"FunctionExpression":{"enter":[null]},"ObjectMethod":{"enter":[null]},"ArrowFunctionExpression":{"enter":[null]},"ClassMethod":{"enter":[null]},"ClassPrivateMethod":{"enter":[null]}},"options":{}},{"key":"transform-exponentiation-operator","visitor":{"AssignmentExpression":{"enter":[null]},"BinaryExpression":{"enter":[null]},"_exploded":true,"_verified":true},"options":{}}],"presets":[],"generatorOpts":{"filename":"C:\\Users\\andrejs\\Documents\\99_LU\\viziquer\\git\\viziquer-dss\\packages\\spacebars-compiler\\preamble.js","comments":true,"compact":false,"sourceMaps":true,"sourceFileName":"packages/spacebars-compiler/preamble.js"}},"code":"module.export({\n  SpacebarsCompiler: () => SpacebarsCompiler\n});\nlet CodeGen, builtInBlockHelpers, isReservedName;\nmodule.link(\"./codegen\", {\n  CodeGen(v) {\n    CodeGen = v;\n  },\n\n  builtInBlockHelpers(v) {\n    builtInBlockHelpers = v;\n  },\n\n  isReservedName(v) {\n    isReservedName = v;\n  }\n\n}, 0);\nlet optimize;\nmodule.link(\"./optimizer\", {\n  optimize(v) {\n    optimize = v;\n  }\n\n}, 1);\nlet parse, compile, codeGen, TemplateTagReplacer, beautify;\nmodule.link(\"./compiler\", {\n  parse(v) {\n    parse = v;\n  },\n\n  compile(v) {\n    compile = v;\n  },\n\n  codeGen(v) {\n    codeGen = v;\n  },\n\n  TemplateTagReplacer(v) {\n    TemplateTagReplacer = v;\n  },\n\n  beautify(v) {\n    beautify = v;\n  }\n\n}, 2);\nlet TemplateTag;\nmodule.link(\"./templatetag\", {\n  TemplateTag(v) {\n    TemplateTag = v;\n  }\n\n}, 3);\nmodule.runSetters(SpacebarsCompiler = {\n  CodeGen,\n  _builtInBlockHelpers: builtInBlockHelpers,\n  isReservedName,\n  optimize,\n  parse,\n  compile,\n  codeGen,\n  _TemplateTagReplacer: TemplateTagReplacer,\n  _beautify: beautify,\n  TemplateTag\n});","map":{"version":3,"sources":["packages/spacebars-compiler/preamble.js"],"names":["module","export","SpacebarsCompiler","CodeGen","builtInBlockHelpers","isReservedName","link","v","optimize","parse","compile","codeGen","TemplateTagReplacer","beautify","TemplateTag","_builtInBlockHelpers","_TemplateTagReplacer","_beautify"],"mappings":"AAAAA,MAAM,CAACC,MAAP,CAAc;AAACC,EAAAA,iBAAiB,EAAC,MAAIA;AAAvB,CAAd;AAAyD,IAAIC,OAAJ,EAAYC,mBAAZ,EAAgCC,cAAhC;AAA+CL,MAAM,CAACM,IAAP,CAAY,WAAZ,EAAwB;AAACH,EAAAA,OAAO,CAACI,CAAD,EAAG;AAACJ,IAAAA,OAAO,GAACI,CAAR;AAAU,GAAtB;;AAAuBH,EAAAA,mBAAmB,CAACG,CAAD,EAAG;AAACH,IAAAA,mBAAmB,GAACG,CAApB;AAAsB,GAApE;;AAAqEF,EAAAA,cAAc,CAACE,CAAD,EAAG;AAACF,IAAAA,cAAc,GAACE,CAAf;AAAiB;;AAAxG,CAAxB,EAAkI,CAAlI;AAAqI,IAAIC,QAAJ;AAAaR,MAAM,CAACM,IAAP,CAAY,aAAZ,EAA0B;AAACE,EAAAA,QAAQ,CAACD,CAAD,EAAG;AAACC,IAAAA,QAAQ,GAACD,CAAT;AAAW;;AAAxB,CAA1B,EAAoD,CAApD;AAAuD,IAAIE,KAAJ,EAAUC,OAAV,EAAkBC,OAAlB,EAA0BC,mBAA1B,EAA8CC,QAA9C;AAAuDb,MAAM,CAACM,IAAP,CAAY,YAAZ,EAAyB;AAACG,EAAAA,KAAK,CAACF,CAAD,EAAG;AAACE,IAAAA,KAAK,GAACF,CAAN;AAAQ,GAAlB;;AAAmBG,EAAAA,OAAO,CAACH,CAAD,EAAG;AAACG,IAAAA,OAAO,GAACH,CAAR;AAAU,GAAxC;;AAAyCI,EAAAA,OAAO,CAACJ,CAAD,EAAG;AAACI,IAAAA,OAAO,GAACJ,CAAR;AAAU,GAA9D;;AAA+DK,EAAAA,mBAAmB,CAACL,CAAD,EAAG;AAACK,IAAAA,mBAAmB,GAACL,CAApB;AAAsB,GAA5G;;AAA6GM,EAAAA,QAAQ,CAACN,CAAD,EAAG;AAACM,IAAAA,QAAQ,GAACN,CAAT;AAAW;;AAApI,CAAzB,EAA+J,CAA/J;AAAkK,IAAIO,WAAJ;AAAgBd,MAAM,CAACM,IAAP,CAAY,eAAZ,EAA4B;AAACQ,EAAAA,WAAW,CAACP,CAAD,EAAG;AAACO,IAAAA,WAAW,GAACP,CAAZ;AAAc;;AAA9B,CAA5B,EAA4D,CAA5D;AAK1hB,kBAAAL,iBAAiB,GAAG;AAClBC,EAAAA,OADkB;AAElBY,EAAAA,oBAAoB,EAAEX,mBAFJ;AAGlBC,EAAAA,cAHkB;AAIlBG,EAAAA,QAJkB;AAKlBC,EAAAA,KALkB;AAMlBC,EAAAA,OANkB;AAOlBC,EAAAA,OAPkB;AAQlBK,EAAAA,oBAAoB,EAAEJ,mBARJ;AASlBK,EAAAA,SAAS,EAAEJ,QATO;AAUlBC,EAAAA;AAVkB,CAApB","sourcesContent":["import { CodeGen, builtInBlockHelpers, isReservedName } from './codegen';\nimport { optimize } from './optimizer';\nimport { parse, compile, codeGen, TemplateTagReplacer, beautify } from './compiler';\nimport { TemplateTag } from './templatetag';\n\nSpacebarsCompiler = {\n  CodeGen,\n  _builtInBlockHelpers: builtInBlockHelpers,\n  isReservedName,\n  optimize,\n  parse,\n  compile,\n  codeGen,\n  _TemplateTagReplacer: TemplateTagReplacer,\n  _beautify: beautify,\n  TemplateTag,\n};\n\nexport { SpacebarsCompiler };\n"]},"sourceType":"module","hash":"341b76d0eeb3f50ebf42f380a64ecbaee53199fc"}
