{"metadata":{},"options":{"assumptions":{},"compact":false,"sourceMaps":true,"ast":true,"babelrc":false,"configFile":false,"parserOpts":{"sourceType":"module","sourceFileName":"C:\\Users\\andrejs\\Documents\\99_LU\\viziquer\\git\\viziquer-dss\\packages\\spacebars-compiler\\preamble.js","plugins":["*","flow","jsx","asyncGenerators","bigInt","classPrivateMethods","classPrivateProperties","classProperties","doExpressions","dynamicImport","exportDefaultFrom","exportExtensions","exportNamespaceFrom","functionBind","functionSent","importMeta","nullishCoalescingOperator","numericSeparator","objectRestSpread","optionalCatchBinding","optionalChaining",["pipelineOperator",{"proposal":"minimal"}],"throwExpressions","classProperties","classPrivateProperties","jsx","nullishCoalescingOperator","nullishCoalescingOperator","optionalChaining","optionalChaining","optionalCatchBinding","optionalCatchBinding","classProperties","classPrivateProperties","classPrivateMethods","classProperties","classPrivateProperties","asyncGenerators","asyncGenerators","objectRestSpread","objectRestSpread"],"allowImportExportEverywhere":true,"allowReturnOutsideFunction":true,"allowUndeclaredExports":true,"strictMode":false},"caller":{"name":"meteor","arch":"web.browser.legacy"},"sourceFileName":"packages/spacebars-compiler/preamble.js","filename":"C:\\Users\\andrejs\\Documents\\99_LU\\viziquer\\git\\viziquer-dss\\packages\\spacebars-compiler\\preamble.js","targets":{},"cloneInputAst":true,"browserslistConfigFile":false,"passPerPreset":false,"envName":"development","cwd":"C:\\Users\\andrejs\\Documents\\99_LU\\viziquer\\git\\viziquer-dss","root":"C:\\Users\\andrejs\\Documents\\99_LU\\viziquer\\git\\viziquer-dss","rootMode":"root","plugins":[{"key":"base$0","visitor":{"_exploded":true,"_verified":true},"options":{}},{"key":"base$0$0","visitor":{"Program":{"enter":[null],"exit":[null]},"_exploded":true,"_verified":true},"options":{"avoidModernSyntax":true,"enforceStrictMode":false,"dynamicImport":true}},{"key":"transform-runtime","visitor":{"MemberExpression":{"enter":[null]},"ObjectPattern":{"enter":[null]},"BinaryExpression":{"enter":[null]},"_exploded":{},"_verified":{},"Identifier":{"enter":[null]},"JSXIdentifier":{"enter":[null]}},"options":{"version":"7.13.10","helpers":true,"useESModules":false,"corejs":false}},{"key":"proposal-class-properties","visitor":{"PrivateName":{"enter":[null]},"ExportDefaultDeclaration":{"enter":[null]},"_exploded":true,"_verified":true,"ClassExpression":{"enter":[null]},"ClassDeclaration":{"enter":[null]}},"options":{"loose":true}},{"key":"base$0$3","visitor":{"FunctionExpression":{"exit":[null]},"_exploded":true,"_verified":true},"options":{}},{"key":"base$0$4","visitor":{"ForInStatement":{"enter":[null]},"_exploded":true,"_verified":true},"options":{}},{"key":"transform-react-jsx","visitor":{"_exploded":{},"_verified":{},"JSXNamespacedName":{"enter":[null]},"JSXSpreadChild":{"enter":[null]},"Program":{"enter":[null]},"JSXElement":{"exit":[null]},"JSXFragment":{"exit":[null]},"JSXAttribute":{"enter":[null]}},"options":{"pragma":"React.createElement","pragmaFrag":"React.Fragment","runtime":"classic","throwIfNamespace":true,"useBuiltIns":false}},{"key":"transform-react-display-name","visitor":{"ExportDefaultDeclaration":{"enter":[null]},"CallExpression":{"enter":[null]},"_exploded":true,"_verified":true},"options":{}},{"key":"transform-react-pure-annotations","visitor":{"CallExpression":{"enter":[null]},"_exploded":true,"_verified":true},"options":{}},{"key":"syntax-nullish-coalescing-operator","visitor":{"_exploded":true,"_verified":true},"options":{}},{"key":"proposal-nullish-coalescing-operator","visitor":{"_exploded":{},"_verified":{},"LogicalExpression":{"enter":[null]}},"options":{}},{"key":"syntax-optional-chaining","visitor":{"_exploded":true,"_verified":true},"options":{}},{"key":"proposal-optional-chaining","visitor":{"_exploded":{},"_verified":{},"OptionalCallExpression":{"enter":[null]},"OptionalMemberExpression":{"enter":[null]}},"options":{}},{"key":"syntax-optional-catch-binding","visitor":{"_exploded":true,"_verified":true},"options":{}},{"key":"proposal-optional-catch-binding","visitor":{"_exploded":{},"_verified":{},"CatchClause":{"enter":[null]}},"options":{}},{"key":"syntax-class-properties","visitor":{"_exploded":true,"_verified":true},"options":{}},{"key":"proposal-class-properties","visitor":{"PrivateName":{"enter":[null]},"ExportDefaultDeclaration":{"enter":[null]},"_exploded":true,"_verified":true,"ClassExpression":{"enter":[null]},"ClassDeclaration":{"enter":[null]}},"options":{}},{"key":"syntax-async-generators","visitor":{"_exploded":true,"_verified":true},"options":{}},{"key":"proposal-async-generator-functions","visitor":{"_exploded":{},"_verified":{},"Program":{"enter":[null]}},"options":{}},{"key":"syntax-object-rest-spread","visitor":{"_exploded":true,"_verified":true},"options":{}},{"key":"proposal-object-rest-spread","visitor":{"_exploded":{},"_verified":{},"VariableDeclarator":{"enter":[null]},"ExportNamedDeclaration":{"enter":[null]},"CatchClause":{"enter":[null]},"AssignmentExpression":{"enter":[null]},"ArrayPattern":{"enter":[null]},"ObjectExpression":{"enter":[null]},"FunctionDeclaration":{"enter":[null]},"FunctionExpression":{"enter":[null]},"ObjectMethod":{"enter":[null]},"ArrowFunctionExpression":{"enter":[null]},"ClassMethod":{"enter":[null]},"ClassPrivateMethod":{"enter":[null]},"ForInStatement":{"enter":[null]},"ForOfStatement":{"enter":[null]}},"options":{}},{"key":"transform-arrow-functions","visitor":{"ArrowFunctionExpression":{"enter":[null]},"_exploded":true,"_verified":true},"options":{}},{"key":"transform-block-scoped-functions","visitor":{"BlockStatement":{"enter":[null]},"SwitchCase":{"enter":[null]},"_exploded":true,"_verified":true},"options":{}},{"key":"transform-block-scoping","visitor":{"VariableDeclaration":{"enter":[null]},"CatchClause":{"enter":[null]},"_exploded":true,"BlockStatement":{"enter":[null]},"SwitchStatement":{"enter":[null]},"Program":{"enter":[null]},"_verified":true,"DoWhileStatement":{"enter":[null]},"ForInStatement":{"enter":[null]},"ForStatement":{"enter":[null]},"WhileStatement":{"enter":[null]},"ForOfStatement":{"enter":[null]}},"options":{}},{"key":"transform-classes","visitor":{"ExportDefaultDeclaration":{"enter":[null]},"ClassDeclaration":{"enter":[null]},"ClassExpression":{"enter":[null]},"_exploded":true,"_verified":true},"options":{"loose":true}},{"key":"transform-computed-properties","visitor":{"ObjectExpression":{"exit":[null]},"_exploded":true,"_verified":true},"options":{"loose":true}},{"key":"transform-destructuring","visitor":{"ExportNamedDeclaration":{"enter":[null]},"CatchClause":{"enter":[null]},"AssignmentExpression":{"enter":[null]},"VariableDeclaration":{"enter":[null]},"_exploded":true,"_verified":true,"ForInStatement":{"enter":[null]},"ForOfStatement":{"enter":[null]}},"options":{}},{"key":"transform-for-of","visitor":{"ForOfStatement":{"enter":[null]},"_exploded":true,"_verified":true},"options":{"loose":true}},{"key":"transform-literals","visitor":{"NumericLiteral":{"enter":[null]},"StringLiteral":{"enter":[null]},"_exploded":true,"_verified":true},"options":{}},{"key":"transform-object-super","visitor":{"ObjectExpression":{"enter":[null]},"_exploded":true,"_verified":true},"options":{}},{"key":"transform-parameters","visitor":{"_exploded":true,"_verified":true,"FunctionDeclaration":{"enter":[null]},"FunctionExpression":{"enter":[null]},"ObjectMethod":{"enter":[null]},"ArrowFunctionExpression":{"enter":[null]},"ClassMethod":{"enter":[null]},"ClassPrivateMethod":{"enter":[null]}},"options":{}},{"key":"transform-shorthand-properties","visitor":{"ObjectMethod":{"enter":[null]},"ObjectProperty":{"enter":[null]},"_exploded":true,"_verified":true},"options":{}},{"key":"transform-spread","visitor":{"ArrayExpression":{"enter":[null]},"CallExpression":{"enter":[null]},"NewExpression":{"enter":[null]},"_exploded":true,"_verified":true},"options":{}},{"key":"transform-sticky-regex","visitor":{"RegExpLiteral":{"enter":[null]},"_exploded":true,"_verified":true},"options":{}},{"key":"transform-template-literals","visitor":{"TaggedTemplateExpression":{"enter":[null]},"TemplateLiteral":{"enter":[null]},"_exploded":true,"_verified":true},"options":{"loose":true}},{"key":"transform-typeof-symbol","visitor":{"UnaryExpression":{"enter":[null]},"_exploded":true,"_verified":true,"BlockStatement":{"enter":[null]},"CatchClause":{"enter":[null]},"DoWhileStatement":{"enter":[null]},"ForInStatement":{"enter":[null]},"ForStatement":{"enter":[null]},"FunctionDeclaration":{"enter":[null]},"FunctionExpression":{"enter":[null]},"Program":{"enter":[null]},"ObjectMethod":{"enter":[null]},"SwitchStatement":{"enter":[null]},"WhileStatement":{"enter":[null]},"ArrowFunctionExpression":{"enter":[null]},"ClassExpression":{"enter":[null]},"ClassDeclaration":{"enter":[null]},"ForOfStatement":{"enter":[null]},"ClassMethod":{"enter":[null]},"ClassPrivateMethod":{"enter":[null]},"StaticBlock":{"enter":[null]},"TSModuleBlock":{"enter":[null]},"AssignmentPattern":{"enter":[null]},"ArrayPattern":{"enter":[null]},"ObjectPattern":{"enter":[null]}},"options":{}},{"key":"transform-unicode-regex","visitor":{"RegExpLiteral":{"enter":[null]},"_exploded":true,"_verified":true},"options":{}},{"key":"transform-property-literals","visitor":{"ObjectProperty":{"exit":[null]},"_exploded":true,"_verified":true},"options":{}},{"key":"transform-exponentiation-operator","visitor":{"AssignmentExpression":{"enter":[null]},"BinaryExpression":{"enter":[null]},"_exploded":true,"_verified":true},"options":{}},{"key":"regenerator-transform","visitor":{"_exploded":true,"_verified":true,"ObjectMethod":{"enter":[null],"exit":[null]},"ClassMethod":{"enter":[null],"exit":[null]},"ClassPrivateMethod":{"enter":[null],"exit":[null]},"FunctionDeclaration":{"exit":[null]},"FunctionExpression":{"exit":[null]},"ArrowFunctionExpression":{"exit":[null]}},"options":{}}],"presets":[],"generatorOpts":{"filename":"C:\\Users\\andrejs\\Documents\\99_LU\\viziquer\\git\\viziquer-dss\\packages\\spacebars-compiler\\preamble.js","comments":true,"compact":false,"sourceMaps":true,"sourceFileName":"packages/spacebars-compiler/preamble.js"}},"code":"module.export({\n  SpacebarsCompiler: function () {\n    return SpacebarsCompiler;\n  }\n});\nvar CodeGen, builtInBlockHelpers, isReservedName;\nmodule.link(\"./codegen\", {\n  CodeGen: function (v) {\n    CodeGen = v;\n  },\n  builtInBlockHelpers: function (v) {\n    builtInBlockHelpers = v;\n  },\n  isReservedName: function (v) {\n    isReservedName = v;\n  }\n}, 0);\nvar optimize;\nmodule.link(\"./optimizer\", {\n  optimize: function (v) {\n    optimize = v;\n  }\n}, 1);\nvar parse, compile, codeGen, TemplateTagReplacer, beautify;\nmodule.link(\"./compiler\", {\n  parse: function (v) {\n    parse = v;\n  },\n  compile: function (v) {\n    compile = v;\n  },\n  codeGen: function (v) {\n    codeGen = v;\n  },\n  TemplateTagReplacer: function (v) {\n    TemplateTagReplacer = v;\n  },\n  beautify: function (v) {\n    beautify = v;\n  }\n}, 2);\nvar TemplateTag;\nmodule.link(\"./templatetag\", {\n  TemplateTag: function (v) {\n    TemplateTag = v;\n  }\n}, 3);\nmodule.runSetters(SpacebarsCompiler = {\n  CodeGen: CodeGen,\n  _builtInBlockHelpers: builtInBlockHelpers,\n  isReservedName: isReservedName,\n  optimize: optimize,\n  parse: parse,\n  compile: compile,\n  codeGen: codeGen,\n  _TemplateTagReplacer: TemplateTagReplacer,\n  _beautify: beautify,\n  TemplateTag: TemplateTag\n});","map":{"version":3,"sources":["packages/spacebars-compiler/preamble.js"],"names":["module","export","SpacebarsCompiler","CodeGen","builtInBlockHelpers","isReservedName","link","v","optimize","parse","compile","codeGen","TemplateTagReplacer","beautify","TemplateTag","_builtInBlockHelpers","_TemplateTagReplacer","_beautify"],"mappings":"AAAAA,MAAM,CAACC,MAAP,CAAc;AAACC,EAAAA,iBAAiB,EAAC,YAAU;AAAC,WAAOA,iBAAP;AAAyB;AAAvD,CAAd;AAAwE,IAAIC,OAAJ,EAAYC,mBAAZ,EAAgCC,cAAhC;AAA+CL,MAAM,CAACM,IAAP,CAAY,WAAZ,EAAwB;AAACH,EAAAA,OAAO,EAAC,UAASI,CAAT,EAAW;AAACJ,IAAAA,OAAO,GAACI,CAAR;AAAU,GAA/B;AAAgCH,EAAAA,mBAAmB,EAAC,UAASG,CAAT,EAAW;AAACH,IAAAA,mBAAmB,GAACG,CAApB;AAAsB,GAAtF;AAAuFF,EAAAA,cAAc,EAAC,UAASE,CAAT,EAAW;AAACF,IAAAA,cAAc,GAACE,CAAf;AAAiB;AAAnI,CAAxB,EAA6J,CAA7J;AAAgK,IAAIC,QAAJ;AAAaR,MAAM,CAACM,IAAP,CAAY,aAAZ,EAA0B;AAACE,EAAAA,QAAQ,EAAC,UAASD,CAAT,EAAW;AAACC,IAAAA,QAAQ,GAACD,CAAT;AAAW;AAAjC,CAA1B,EAA6D,CAA7D;AAAgE,IAAIE,KAAJ,EAAUC,OAAV,EAAkBC,OAAlB,EAA0BC,mBAA1B,EAA8CC,QAA9C;AAAuDb,MAAM,CAACM,IAAP,CAAY,YAAZ,EAAyB;AAACG,EAAAA,KAAK,EAAC,UAASF,CAAT,EAAW;AAACE,IAAAA,KAAK,GAACF,CAAN;AAAQ,GAA3B;AAA4BG,EAAAA,OAAO,EAAC,UAASH,CAAT,EAAW;AAACG,IAAAA,OAAO,GAACH,CAAR;AAAU,GAA1D;AAA2DI,EAAAA,OAAO,EAAC,UAASJ,CAAT,EAAW;AAACI,IAAAA,OAAO,GAACJ,CAAR;AAAU,GAAzF;AAA0FK,EAAAA,mBAAmB,EAAC,UAASL,CAAT,EAAW;AAACK,IAAAA,mBAAmB,GAACL,CAApB;AAAsB,GAAhJ;AAAiJM,EAAAA,QAAQ,EAAC,UAASN,CAAT,EAAW;AAACM,IAAAA,QAAQ,GAACN,CAAT;AAAW;AAAjL,CAAzB,EAA4M,CAA5M;AAA+M,IAAIO,WAAJ;AAAgBd,MAAM,CAACM,IAAP,CAAY,eAAZ,EAA4B;AAACQ,EAAAA,WAAW,EAAC,UAASP,CAAT,EAAW;AAACO,IAAAA,WAAW,GAACP,CAAZ;AAAc;AAAvC,CAA5B,EAAqE,CAArE;AAK1nB,kBAAAL,iBAAiB,GAAG;AAClBC,EAAAA,OAAO,EAAPA,OADkB;AAElBY,EAAAA,oBAAoB,EAAEX,mBAFJ;AAGlBC,EAAAA,cAAc,EAAdA,cAHkB;AAIlBG,EAAAA,QAAQ,EAARA,QAJkB;AAKlBC,EAAAA,KAAK,EAALA,KALkB;AAMlBC,EAAAA,OAAO,EAAPA,OANkB;AAOlBC,EAAAA,OAAO,EAAPA,OAPkB;AAQlBK,EAAAA,oBAAoB,EAAEJ,mBARJ;AASlBK,EAAAA,SAAS,EAAEJ,QATO;AAUlBC,EAAAA,WAAW,EAAXA;AAVkB,CAApB","sourcesContent":["import { CodeGen, builtInBlockHelpers, isReservedName } from './codegen';\nimport { optimize } from './optimizer';\nimport { parse, compile, codeGen, TemplateTagReplacer, beautify } from './compiler';\nimport { TemplateTag } from './templatetag';\n\nSpacebarsCompiler = {\n  CodeGen,\n  _builtInBlockHelpers: builtInBlockHelpers,\n  isReservedName,\n  optimize,\n  parse,\n  compile,\n  codeGen,\n  _TemplateTagReplacer: TemplateTagReplacer,\n  _beautify: beautify,\n  TemplateTag,\n};\n\nexport { SpacebarsCompiler };\n"]},"sourceType":"module","hash":"46e6b258ca5d4773ca61501e52576ced575449bb"}
