{"metadata":{},"options":{"assumptions":{},"compact":false,"sourceMaps":true,"ast":true,"babelrc":false,"configFile":false,"parserOpts":{"sourceType":"module","sourceFileName":"C:\\Users\\andrejs\\Documents\\99_LU\\viziquer\\git\\viziquer-dss\\packages\\reactive-dict\\reactive-dict.js","plugins":["*","flow","jsx","asyncGenerators","bigInt","classPrivateMethods","classPrivateProperties","classProperties","doExpressions","dynamicImport","exportDefaultFrom","exportExtensions","exportNamespaceFrom","functionBind","functionSent","importMeta","nullishCoalescingOperator","numericSeparator","objectRestSpread","optionalCatchBinding","optionalChaining",["pipelineOperator",{"proposal":"minimal"}],"throwExpressions","classProperties","classPrivateProperties","jsx","nullishCoalescingOperator","nullishCoalescingOperator","optionalChaining","optionalChaining","optionalCatchBinding","optionalCatchBinding","classProperties","classPrivateProperties","classPrivateMethods","classProperties","classPrivateProperties","asyncGenerators","asyncGenerators","objectRestSpread","objectRestSpread"],"allowImportExportEverywhere":true,"allowReturnOutsideFunction":true,"allowUndeclaredExports":true,"strictMode":false},"caller":{"name":"meteor","arch":"web.browser"},"sourceFileName":"packages/reactive-dict/reactive-dict.js","filename":"C:\\Users\\andrejs\\Documents\\99_LU\\viziquer\\git\\viziquer-dss\\packages\\reactive-dict\\reactive-dict.js","targets":{},"cloneInputAst":true,"browserslistConfigFile":false,"passPerPreset":false,"envName":"development","cwd":"C:\\Users\\andrejs\\Documents\\99_LU\\viziquer\\git\\viziquer-dss","root":"C:\\Users\\andrejs\\Documents\\99_LU\\viziquer\\git\\viziquer-dss","rootMode":"root","plugins":[{"key":"base$0","visitor":{"_exploded":true,"_verified":true},"options":{}},{"key":"base$0$0","visitor":{"Program":{"enter":[null],"exit":[null]},"_exploded":true,"_verified":true},"options":{"avoidModernSyntax":false,"enforceStrictMode":false,"dynamicImport":true,"generateLetDeclarations":true}},{"key":"transform-runtime","visitor":{"MemberExpression":{"enter":[null]},"ObjectPattern":{"enter":[null]},"BinaryExpression":{"enter":[null]},"_exploded":{},"_verified":{},"Identifier":{"enter":[null]},"JSXIdentifier":{"enter":[null]}},"options":{"version":"7.13.10","helpers":true,"useESModules":false,"corejs":false}},{"key":"proposal-class-properties","visitor":{"PrivateName":{"enter":[null]},"ExportDefaultDeclaration":{"enter":[null]},"_exploded":true,"_verified":true,"ClassExpression":{"enter":[null]},"ClassDeclaration":{"enter":[null]}},"options":{"loose":true}},{"key":"transform-react-jsx","visitor":{"_exploded":{},"_verified":{},"JSXNamespacedName":{"enter":[null]},"JSXSpreadChild":{"enter":[null]},"Program":{"enter":[null]},"JSXElement":{"exit":[null]},"JSXFragment":{"exit":[null]},"JSXAttribute":{"enter":[null]}},"options":{"pragma":"React.createElement","pragmaFrag":"React.Fragment","runtime":"classic","throwIfNamespace":true,"useBuiltIns":false}},{"key":"transform-react-display-name","visitor":{"ExportDefaultDeclaration":{"enter":[null]},"CallExpression":{"enter":[null]},"_exploded":true,"_verified":true},"options":{}},{"key":"transform-react-pure-annotations","visitor":{"CallExpression":{"enter":[null]},"_exploded":true,"_verified":true},"options":{}},{"key":"syntax-nullish-coalescing-operator","visitor":{"_exploded":true,"_verified":true},"options":{}},{"key":"proposal-nullish-coalescing-operator","visitor":{"_exploded":{},"_verified":{},"LogicalExpression":{"enter":[null]}},"options":{}},{"key":"syntax-optional-chaining","visitor":{"_exploded":true,"_verified":true},"options":{}},{"key":"proposal-optional-chaining","visitor":{"_exploded":{},"_verified":{},"OptionalCallExpression":{"enter":[null]},"OptionalMemberExpression":{"enter":[null]}},"options":{}},{"key":"syntax-optional-catch-binding","visitor":{"_exploded":true,"_verified":true},"options":{}},{"key":"proposal-optional-catch-binding","visitor":{"_exploded":{},"_verified":{},"CatchClause":{"enter":[null]}},"options":{}},{"key":"syntax-class-properties","visitor":{"_exploded":true,"_verified":true},"options":{}},{"key":"proposal-class-properties","visitor":{"PrivateName":{"enter":[null]},"ExportDefaultDeclaration":{"enter":[null]},"_exploded":true,"_verified":true,"ClassExpression":{"enter":[null]},"ClassDeclaration":{"enter":[null]}},"options":{}},{"key":"syntax-async-generators","visitor":{"_exploded":true,"_verified":true},"options":{}},{"key":"proposal-async-generator-functions","visitor":{"_exploded":{},"_verified":{},"Program":{"enter":[null]}},"options":{}},{"key":"syntax-object-rest-spread","visitor":{"_exploded":true,"_verified":true},"options":{}},{"key":"proposal-object-rest-spread","visitor":{"_exploded":{},"_verified":{},"VariableDeclarator":{"enter":[null]},"ExportNamedDeclaration":{"enter":[null]},"CatchClause":{"enter":[null]},"AssignmentExpression":{"enter":[null]},"ArrayPattern":{"enter":[null]},"ObjectExpression":{"enter":[null]},"FunctionDeclaration":{"enter":[null]},"FunctionExpression":{"enter":[null]},"ObjectMethod":{"enter":[null]},"ArrowFunctionExpression":{"enter":[null]},"ClassMethod":{"enter":[null]},"ClassPrivateMethod":{"enter":[null]},"ForInStatement":{"enter":[null]},"ForOfStatement":{"enter":[null]}},"options":{}},{"key":"transform-literals","visitor":{"NumericLiteral":{"enter":[null]},"StringLiteral":{"enter":[null]},"_exploded":true,"_verified":true},"options":{}},{"key":"transform-template-literals","visitor":{"TaggedTemplateExpression":{"enter":[null]},"TemplateLiteral":{"enter":[null]},"_exploded":true,"_verified":true},"options":{}},{"key":"transform-parameters","visitor":{"_exploded":true,"_verified":true,"FunctionDeclaration":{"enter":[null]},"FunctionExpression":{"enter":[null]},"ObjectMethod":{"enter":[null]},"ArrowFunctionExpression":{"enter":[null]},"ClassMethod":{"enter":[null]},"ClassPrivateMethod":{"enter":[null]}},"options":{}},{"key":"transform-exponentiation-operator","visitor":{"AssignmentExpression":{"enter":[null]},"BinaryExpression":{"enter":[null]},"_exploded":true,"_verified":true},"options":{}}],"presets":[],"generatorOpts":{"filename":"C:\\Users\\andrejs\\Documents\\99_LU\\viziquer\\git\\viziquer-dss\\packages\\reactive-dict\\reactive-dict.js","comments":true,"compact":false,"sourceMaps":true,"sourceFileName":"packages/reactive-dict/reactive-dict.js"}},"code":"module.export({\n  ReactiveDict: () => ReactiveDict\n});\nconst hasOwn = Object.prototype.hasOwnProperty; // XXX come up with a serialization method which canonicalizes object key\n// order, which would allow us to use objects as values for equals.\n\nfunction stringify(value) {\n  if (value === undefined) {\n    return 'undefined';\n  }\n\n  return EJSON.stringify(value);\n}\n\nfunction parse(serialized) {\n  if (serialized === undefined || serialized === 'undefined') {\n    return undefined;\n  }\n\n  return EJSON.parse(serialized);\n}\n\nfunction changed(v) {\n  v && v.changed();\n} // XXX COMPAT WITH 0.9.1 : accept migrationData instead of dictName\n\n/**\n * @class\n * @instanceName ReactiveDict\n * @summary Constructor for a ReactiveDict, which represents a reactive dictionary of key/value pairs.\n * @locus Client\n * @param {String} [name] Optional.  When a name is passed, preserves contents across Hot Code Pushes\n * @param {Object} [initialValue] Optional.  The default values for the dictionary\n */\n\n\nclass ReactiveDict {\n  constructor(dictName, dictData) {\n    // this.keys: key -> value\n    this.keys = {};\n\n    if (dictName) {\n      // name given; migration will be performed\n      if (typeof dictName === 'string') {\n        // the normal case, argument is a string name.\n        // Only run migration logic on client, it will cause\n        // duplicate name errors on server during reloads.\n        // _registerDictForMigrate will throw an error on duplicate name.\n        Meteor.isClient && ReactiveDict._registerDictForMigrate(dictName, this);\n\n        const migratedData = Meteor.isClient && ReactiveDict._loadMigratedDict(dictName);\n\n        if (migratedData) {\n          // Don't stringify migrated data\n          this.keys = migratedData;\n        } else {\n          // Use _setObject to make sure values are stringified\n          this._setObject(dictData || {});\n        }\n\n        this.name = dictName;\n      } else if (typeof dictName === 'object') {\n        // back-compat case: dictName is actually migrationData\n        // Use _setObject to make sure values are stringified\n        this._setObject(dictName);\n      } else {\n        throw new Error(\"Invalid ReactiveDict argument: \" + dictName);\n      }\n    } else if (typeof dictData === 'object') {\n      this._setObject(dictData);\n    }\n\n    this.allDeps = new Tracker.Dependency();\n    this.keyDeps = {}; // key -> Dependency\n\n    this.keyValueDeps = {}; // key -> Dependency\n  } // set() began as a key/value method, but we are now overloading it\n  // to take an object of key/value pairs, similar to backbone\n  // http://backbonejs.org/#Model-set\n\n  /**\n   * @summary Set a value for a key in the ReactiveDict. Notify any listeners\n   * that the value has changed (eg: redraw templates, and rerun any\n   * [`Tracker.autorun`](#tracker_autorun) computations, that called\n   * [`ReactiveDict.get`](#ReactiveDict_get) on this `key`.)\n   * @locus Client\n   * @param {String} key The key to set, eg, `selectedItem`\n   * @param {EJSONable | undefined} value The new value for `key`\n   */\n\n\n  set(keyOrObject, value) {\n    if (typeof keyOrObject === 'object' && value === undefined) {\n      // Called as `dict.set({...})`\n      this._setObject(keyOrObject);\n\n      return;\n    } // the input isn't an object, so it must be a key\n    // and we resume with the rest of the function\n\n\n    const key = keyOrObject;\n    value = stringify(value);\n    const keyExisted = hasOwn.call(this.keys, key);\n    const oldSerializedValue = keyExisted ? this.keys[key] : 'undefined';\n    const isNewValue = value !== oldSerializedValue;\n    this.keys[key] = value;\n\n    if (isNewValue || !keyExisted) {\n      // Using the changed utility function here because this.allDeps might not exist yet,\n      // when setting initial data from constructor\n      changed(this.allDeps);\n    } // Don't trigger changes when setting initial data from constructor,\n    // this.KeyDeps is undefined in this case\n\n\n    if (isNewValue && this.keyDeps) {\n      changed(this.keyDeps[key]);\n\n      if (this.keyValueDeps[key]) {\n        changed(this.keyValueDeps[key][oldSerializedValue]);\n        changed(this.keyValueDeps[key][value]);\n      }\n    }\n  }\n  /**\n   * @summary Set a value for a key if it hasn't been set before.\n   * Otherwise works exactly the same as [`ReactiveDict.set`](#ReactiveDict-set).\n   * @locus Client\n   * @param {String} key The key to set, eg, `selectedItem`\n   * @param {EJSONable | undefined} value The new value for `key`\n   */\n\n\n  setDefault(keyOrObject, value) {\n    if (typeof keyOrObject === 'object' && value === undefined) {\n      // Called as `dict.setDefault({...})`\n      this._setDefaultObject(keyOrObject);\n\n      return;\n    } // the input isn't an object, so it must be a key\n    // and we resume with the rest of the function\n\n\n    const key = keyOrObject;\n\n    if (!hasOwn.call(this.keys, key)) {\n      this.set(key, value);\n    }\n  }\n  /**\n   * @summary Get the value assiciated with a key. If inside a [reactive\n   * computation](#reactivity), invalidate the computation the next time the\n   * value associated with this key is changed by\n   * [`ReactiveDict.set`](#ReactiveDict-set).\n   * This returns a clone of the value, so if it's an object or an array,\n   * mutating the returned value has no effect on the value stored in the\n   * ReactiveDict.\n   * @locus Client\n   * @param {String} key The key of the element to return\n   */\n\n\n  get(key) {\n    this._ensureKey(key);\n\n    this.keyDeps[key].depend();\n    return parse(this.keys[key]);\n  }\n  /**\n   * @summary Test if the stored entry for a key is equal to a value. If inside a\n   * [reactive computation](#reactivity), invalidate the computation the next\n   * time the variable changes to or from the value.\n   * @locus Client\n   * @param {String} key The name of the session variable to test\n   * @param {String | Number | Boolean | null | undefined} value The value to\n   * test against\n   */\n\n\n  equals(key, value) {\n    // Mongo.ObjectID is in the 'mongo' package\n    let ObjectID = null;\n\n    if (Package.mongo) {\n      ObjectID = Package.mongo.Mongo.ObjectID;\n    } // We don't allow objects (or arrays that might include objects) for\n    // .equals, because JSON.stringify doesn't canonicalize object key\n    // order. (We can make equals have the right return value by parsing the\n    // current value and using EJSON.equals, but we won't have a canonical\n    // element of keyValueDeps[key] to store the dependency.) You can still use\n    // \"EJSON.equals(reactiveDict.get(key), value)\".\n    //\n    // XXX we could allow arrays as long as we recursively check that there\n    // are no objects\n\n\n    if (typeof value !== 'string' && typeof value !== 'number' && typeof value !== 'boolean' && typeof value !== 'undefined' && !(value instanceof Date) && !(ObjectID && value instanceof ObjectID) && value !== null) {\n      throw new Error(\"ReactiveDict.equals: value must be scalar\");\n    }\n\n    const serializedValue = stringify(value);\n\n    if (Tracker.active) {\n      this._ensureKey(key);\n\n      if (!hasOwn.call(this.keyValueDeps[key], serializedValue)) {\n        this.keyValueDeps[key][serializedValue] = new Tracker.Dependency();\n      }\n\n      var isNew = this.keyValueDeps[key][serializedValue].depend();\n\n      if (isNew) {\n        Tracker.onInvalidate(() => {\n          // clean up [key][serializedValue] if it's now empty, so we don't\n          // use O(n) memory for n = values seen ever\n          if (!this.keyValueDeps[key][serializedValue].hasDependents()) {\n            delete this.keyValueDeps[key][serializedValue];\n          }\n        });\n      }\n    }\n\n    let oldValue = undefined;\n\n    if (hasOwn.call(this.keys, key)) {\n      oldValue = parse(this.keys[key]);\n    }\n\n    return EJSON.equals(oldValue, value);\n  }\n  /**\n   * @summary Get all key-value pairs as a plain object. If inside a [reactive\n   * computation](#reactivity), invalidate the computation the next time the\n   * value associated with any key is changed by\n   * [`ReactiveDict.set`](#ReactiveDict-set).\n   * This returns a clone of each value, so if it's an object or an array,\n   * mutating the returned value has no effect on the value stored in the\n   * ReactiveDict.\n   * @locus Client\n   */\n\n\n  all() {\n    this.allDeps.depend();\n    let ret = {};\n    Object.keys(this.keys).forEach(key => {\n      ret[key] = parse(this.keys[key]);\n    });\n    return ret;\n  }\n  /**\n   * @summary remove all key-value pairs from the ReactiveDict. Notify any\n   * listeners that the value has changed (eg: redraw templates, and rerun any\n   * [`Tracker.autorun`](#tracker_autorun) computations, that called\n   * [`ReactiveDict.get`](#ReactiveDict_get) on this `key`.)\n   * @locus Client\n   */\n\n\n  clear() {\n    const oldKeys = this.keys;\n    this.keys = {};\n    this.allDeps.changed();\n    Object.keys(oldKeys).forEach(key => {\n      changed(this.keyDeps[key]);\n\n      if (this.keyValueDeps[key]) {\n        changed(this.keyValueDeps[key][oldKeys[key]]);\n        changed(this.keyValueDeps[key]['undefined']);\n      }\n    });\n  }\n  /**\n   * @summary remove a key-value pair from the ReactiveDict. Notify any listeners\n   * that the value has changed (eg: redraw templates, and rerun any\n   * [`Tracker.autorun`](#tracker_autorun) computations, that called\n   * [`ReactiveDict.get`](#ReactiveDict_get) on this `key`.)\n   * @locus Client\n   * @param {String} key The key to delete, eg, `selectedItem`\n   */\n\n\n  delete(key) {\n    let didRemove = false;\n\n    if (hasOwn.call(this.keys, key)) {\n      const oldValue = this.keys[key];\n      delete this.keys[key];\n      changed(this.keyDeps[key]);\n\n      if (this.keyValueDeps[key]) {\n        changed(this.keyValueDeps[key][oldValue]);\n        changed(this.keyValueDeps[key]['undefined']);\n      }\n\n      this.allDeps.changed();\n      didRemove = true;\n    }\n\n    return didRemove;\n  }\n  /**\n   * @summary Clear all values from the reactiveDict and prevent it from being\n   * migrated on a Hot Code Pushes. Notify any listeners\n   * that the value has changed (eg: redraw templates, and rerun any\n   * [`Tracker.autorun`](#tracker_autorun) computations, that called\n   * [`ReactiveDict.get`](#ReactiveDict_get) on this `key`.)\n   * @locus Client\n   */\n\n\n  destroy() {\n    this.clear();\n\n    if (this.name && hasOwn.call(ReactiveDict._dictsToMigrate, this.name)) {\n      delete ReactiveDict._dictsToMigrate[this.name];\n    }\n  }\n\n  _setObject(object) {\n    Object.keys(object).forEach(key => {\n      this.set(key, object[key]);\n    });\n  }\n\n  _setDefaultObject(object) {\n    Object.keys(object).forEach(key => {\n      this.setDefault(key, object[key]);\n    });\n  }\n\n  _ensureKey(key) {\n    if (!(key in this.keyDeps)) {\n      this.keyDeps[key] = new Tracker.Dependency();\n      this.keyValueDeps[key] = {};\n    }\n  } // Get a JSON value that can be passed to the constructor to\n  // create a new ReactiveDict with the same contents as this one\n\n\n  _getMigrationData() {\n    // XXX sanitize and make sure it's JSONible?\n    return this.keys;\n  }\n\n}","map":{"version":3,"sources":["packages/reactive-dict/reactive-dict.js"],"names":["module","export","ReactiveDict","hasOwn","Object","prototype","hasOwnProperty","stringify","value","undefined","EJSON","parse","serialized","changed","v","constructor","dictName","dictData","keys","Meteor","isClient","_registerDictForMigrate","migratedData","_loadMigratedDict","_setObject","name","Error","allDeps","Tracker","Dependency","keyDeps","keyValueDeps","set","keyOrObject","key","keyExisted","call","oldSerializedValue","isNewValue","setDefault","_setDefaultObject","get","_ensureKey","depend","equals","ObjectID","Package","mongo","Mongo","Date","serializedValue","active","isNew","onInvalidate","hasDependents","oldValue","all","ret","forEach","clear","oldKeys","delete","didRemove","destroy","_dictsToMigrate","object","_getMigrationData"],"mappings":"AAAAA,MAAM,CAACC,MAAP,CAAc;AAACC,EAAAA,YAAY,EAAC,MAAIA;AAAlB,CAAd;AAAA,MAAMC,MAAM,GAAGC,MAAM,CAACC,SAAP,CAAiBC,cAAhC,C,CAEA;AACA;;AACA,SAASC,SAAT,CAAmBC,KAAnB,EAA0B;AACxB,MAAIA,KAAK,KAAKC,SAAd,EAAyB;AACvB,WAAO,WAAP;AACD;;AACD,SAAOC,KAAK,CAACH,SAAN,CAAgBC,KAAhB,CAAP;AACD;;AAED,SAASG,KAAT,CAAeC,UAAf,EAA2B;AACzB,MAAIA,UAAU,KAAKH,SAAf,IAA4BG,UAAU,KAAK,WAA/C,EAA4D;AAC1D,WAAOH,SAAP;AACD;;AACD,SAAOC,KAAK,CAACC,KAAN,CAAYC,UAAZ,CAAP;AACD;;AAED,SAASC,OAAT,CAAiBC,CAAjB,EAAoB;AAClBA,EAAAA,CAAC,IAAIA,CAAC,CAACD,OAAF,EAAL;AACD,C,CAED;;AACA;AACA;AACA;AACA;AACA;AACA;AACA;AACA;;;AACO,MAAMX,YAAN,CAAmB;AACxBa,EAAAA,WAAW,CAACC,QAAD,EAAWC,QAAX,EAAqB;AAC9B;AACA,SAAKC,IAAL,GAAY,EAAZ;;AAEA,QAAIF,QAAJ,EAAc;AACZ;AACA,UAAI,OAAOA,QAAP,KAAoB,QAAxB,EAAkC;AAChC;AAEA;AACA;AACA;AACAG,QAAAA,MAAM,CAACC,QAAP,IAAmBlB,YAAY,CAACmB,uBAAb,CAAqCL,QAArC,EAA+C,IAA/C,CAAnB;;AACA,cAAMM,YAAY,GAAGH,MAAM,CAACC,QAAP,IAAmBlB,YAAY,CAACqB,iBAAb,CAA+BP,QAA/B,CAAxC;;AAEA,YAAIM,YAAJ,EAAkB;AAChB;AACA,eAAKJ,IAAL,GAAYI,YAAZ;AACD,SAHD,MAGO;AACL;AACA,eAAKE,UAAL,CAAgBP,QAAQ,IAAI,EAA5B;AACD;;AACD,aAAKQ,IAAL,GAAYT,QAAZ;AACD,OAjBD,MAiBO,IAAI,OAAOA,QAAP,KAAoB,QAAxB,EAAkC;AACvC;AACA;AACA,aAAKQ,UAAL,CAAgBR,QAAhB;AACD,OAJM,MAIA;AACL,cAAM,IAAIU,KAAJ,CAAU,oCAAoCV,QAA9C,CAAN;AACD;AACF,KA1BD,MA0BO,IAAI,OAAOC,QAAP,KAAoB,QAAxB,EAAkC;AACvC,WAAKO,UAAL,CAAgBP,QAAhB;AACD;;AAED,SAAKU,OAAL,GAAe,IAAIC,OAAO,CAACC,UAAZ,EAAf;AACA,SAAKC,OAAL,GAAe,EAAf,CAnC8B,CAmCX;;AACnB,SAAKC,YAAL,GAAoB,EAApB,CApC8B,CAoCN;AACzB,GAtCuB,CAwCxB;AACA;AACA;;AACA;AACF;AACA;AACA;AACA;AACA;AACA;AACA;AACA;;;AACEC,EAAAA,GAAG,CAACC,WAAD,EAAczB,KAAd,EAAqB;AACtB,QAAK,OAAOyB,WAAP,KAAuB,QAAxB,IAAsCzB,KAAK,KAAKC,SAApD,EAAgE;AAC9D;AACA,WAAKe,UAAL,CAAgBS,WAAhB;;AACA;AACD,KALqB,CAMtB;AACA;;;AACA,UAAMC,GAAG,GAAGD,WAAZ;AAEAzB,IAAAA,KAAK,GAAGD,SAAS,CAACC,KAAD,CAAjB;AAEA,UAAM2B,UAAU,GAAGhC,MAAM,CAACiC,IAAP,CAAY,KAAKlB,IAAjB,EAAuBgB,GAAvB,CAAnB;AACA,UAAMG,kBAAkB,GAAGF,UAAU,GAAG,KAAKjB,IAAL,CAAUgB,GAAV,CAAH,GAAoB,WAAzD;AACA,UAAMI,UAAU,GAAI9B,KAAK,KAAK6B,kBAA9B;AAEA,SAAKnB,IAAL,CAAUgB,GAAV,IAAiB1B,KAAjB;;AAEA,QAAI8B,UAAU,IAAI,CAACH,UAAnB,EAA+B;AAC7B;AACA;AACAtB,MAAAA,OAAO,CAAC,KAAKc,OAAN,CAAP;AACD,KAtBqB,CAwBtB;AACA;;;AACA,QAAIW,UAAU,IAAI,KAAKR,OAAvB,EAAgC;AAC9BjB,MAAAA,OAAO,CAAC,KAAKiB,OAAL,CAAaI,GAAb,CAAD,CAAP;;AACA,UAAI,KAAKH,YAAL,CAAkBG,GAAlB,CAAJ,EAA4B;AAC1BrB,QAAAA,OAAO,CAAC,KAAKkB,YAAL,CAAkBG,GAAlB,EAAuBG,kBAAvB,CAAD,CAAP;AACAxB,QAAAA,OAAO,CAAC,KAAKkB,YAAL,CAAkBG,GAAlB,EAAuB1B,KAAvB,CAAD,CAAP;AACD;AACF;AACF;AAED;AACF;AACA;AACA;AACA;AACA;AACA;;;AACE+B,EAAAA,UAAU,CAACN,WAAD,EAAczB,KAAd,EAAqB;AAC7B,QAAK,OAAOyB,WAAP,KAAuB,QAAxB,IAAsCzB,KAAK,KAAKC,SAApD,EAAgE;AAC9D;AACA,WAAK+B,iBAAL,CAAuBP,WAAvB;;AACA;AACD,KAL4B,CAM7B;AACA;;;AACA,UAAMC,GAAG,GAAGD,WAAZ;;AAEA,QAAI,CAAE9B,MAAM,CAACiC,IAAP,CAAY,KAAKlB,IAAjB,EAAuBgB,GAAvB,CAAN,EAAmC;AACjC,WAAKF,GAAL,CAASE,GAAT,EAAc1B,KAAd;AACD;AACF;AAED;AACF;AACA;AACA;AACA;AACA;AACA;AACA;AACA;AACA;AACA;;;AACEiC,EAAAA,GAAG,CAACP,GAAD,EAAM;AACP,SAAKQ,UAAL,CAAgBR,GAAhB;;AACA,SAAKJ,OAAL,CAAaI,GAAb,EAAkBS,MAAlB;AACA,WAAOhC,KAAK,CAAC,KAAKO,IAAL,CAAUgB,GAAV,CAAD,CAAZ;AACD;AAED;AACF;AACA;AACA;AACA;AACA;AACA;AACA;AACA;;;AACEU,EAAAA,MAAM,CAACV,GAAD,EAAM1B,KAAN,EAAa;AACjB;AACA,QAAIqC,QAAQ,GAAG,IAAf;;AACA,QAAIC,OAAO,CAACC,KAAZ,EAAmB;AACjBF,MAAAA,QAAQ,GAAGC,OAAO,CAACC,KAAR,CAAcC,KAAd,CAAoBH,QAA/B;AACD,KALgB,CAMjB;AACA;AACA;AACA;AACA;AACA;AACA;AACA;AACA;;;AACA,QAAI,OAAOrC,KAAP,KAAiB,QAAjB,IACA,OAAOA,KAAP,KAAiB,QADjB,IAEA,OAAOA,KAAP,KAAiB,SAFjB,IAGA,OAAOA,KAAP,KAAiB,WAHjB,IAIA,EAAEA,KAAK,YAAYyC,IAAnB,CAJA,IAKA,EAAEJ,QAAQ,IAAIrC,KAAK,YAAYqC,QAA/B,CALA,IAMArC,KAAK,KAAK,IANd,EAMoB;AAClB,YAAM,IAAIkB,KAAJ,CAAU,2CAAV,CAAN;AACD;;AACD,UAAMwB,eAAe,GAAG3C,SAAS,CAACC,KAAD,CAAjC;;AAEA,QAAIoB,OAAO,CAACuB,MAAZ,EAAoB;AAClB,WAAKT,UAAL,CAAgBR,GAAhB;;AAEA,UAAI,CAAE/B,MAAM,CAACiC,IAAP,CAAY,KAAKL,YAAL,CAAkBG,GAAlB,CAAZ,EAAoCgB,eAApC,CAAN,EAA4D;AAC1D,aAAKnB,YAAL,CAAkBG,GAAlB,EAAuBgB,eAAvB,IAA0C,IAAItB,OAAO,CAACC,UAAZ,EAA1C;AACD;;AAED,UAAIuB,KAAK,GAAG,KAAKrB,YAAL,CAAkBG,GAAlB,EAAuBgB,eAAvB,EAAwCP,MAAxC,EAAZ;;AACA,UAAIS,KAAJ,EAAW;AACTxB,QAAAA,OAAO,CAACyB,YAAR,CAAqB,MAAM;AACzB;AACA;AACA,cAAI,CAAE,KAAKtB,YAAL,CAAkBG,GAAlB,EAAuBgB,eAAvB,EAAwCI,aAAxC,EAAN,EAA+D;AAC7D,mBAAO,KAAKvB,YAAL,CAAkBG,GAAlB,EAAuBgB,eAAvB,CAAP;AACD;AACF,SAND;AAOD;AACF;;AAED,QAAIK,QAAQ,GAAG9C,SAAf;;AACA,QAAIN,MAAM,CAACiC,IAAP,CAAY,KAAKlB,IAAjB,EAAuBgB,GAAvB,CAAJ,EAAiC;AAC/BqB,MAAAA,QAAQ,GAAG5C,KAAK,CAAC,KAAKO,IAAL,CAAUgB,GAAV,CAAD,CAAhB;AACD;;AACD,WAAOxB,KAAK,CAACkC,MAAN,CAAaW,QAAb,EAAuB/C,KAAvB,CAAP;AACD;AAED;AACF;AACA;AACA;AACA;AACA;AACA;AACA;AACA;AACA;;;AACEgD,EAAAA,GAAG,GAAG;AACJ,SAAK7B,OAAL,CAAagB,MAAb;AACA,QAAIc,GAAG,GAAG,EAAV;AACArD,IAAAA,MAAM,CAACc,IAAP,CAAY,KAAKA,IAAjB,EAAuBwC,OAAvB,CAA+BxB,GAAG,IAAI;AACpCuB,MAAAA,GAAG,CAACvB,GAAD,CAAH,GAAWvB,KAAK,CAAC,KAAKO,IAAL,CAAUgB,GAAV,CAAD,CAAhB;AACD,KAFD;AAGA,WAAOuB,GAAP;AACD;AAED;AACF;AACA;AACA;AACA;AACA;AACA;;;AACEE,EAAAA,KAAK,GAAG;AACN,UAAMC,OAAO,GAAG,KAAK1C,IAArB;AACA,SAAKA,IAAL,GAAY,EAAZ;AAEA,SAAKS,OAAL,CAAad,OAAb;AAEAT,IAAAA,MAAM,CAACc,IAAP,CAAY0C,OAAZ,EAAqBF,OAArB,CAA6BxB,GAAG,IAAI;AAClCrB,MAAAA,OAAO,CAAC,KAAKiB,OAAL,CAAaI,GAAb,CAAD,CAAP;;AACA,UAAI,KAAKH,YAAL,CAAkBG,GAAlB,CAAJ,EAA4B;AAC1BrB,QAAAA,OAAO,CAAC,KAAKkB,YAAL,CAAkBG,GAAlB,EAAuB0B,OAAO,CAAC1B,GAAD,CAA9B,CAAD,CAAP;AACArB,QAAAA,OAAO,CAAC,KAAKkB,YAAL,CAAkBG,GAAlB,EAAuB,WAAvB,CAAD,CAAP;AACD;AACF,KAND;AAOD;AAED;AACF;AACA;AACA;AACA;AACA;AACA;AACA;;;AACE2B,EAAAA,MAAM,CAAC3B,GAAD,EAAM;AACV,QAAI4B,SAAS,GAAG,KAAhB;;AAEA,QAAI3D,MAAM,CAACiC,IAAP,CAAY,KAAKlB,IAAjB,EAAuBgB,GAAvB,CAAJ,EAAiC;AAC/B,YAAMqB,QAAQ,GAAG,KAAKrC,IAAL,CAAUgB,GAAV,CAAjB;AACA,aAAO,KAAKhB,IAAL,CAAUgB,GAAV,CAAP;AACArB,MAAAA,OAAO,CAAC,KAAKiB,OAAL,CAAaI,GAAb,CAAD,CAAP;;AACA,UAAI,KAAKH,YAAL,CAAkBG,GAAlB,CAAJ,EAA4B;AAC1BrB,QAAAA,OAAO,CAAC,KAAKkB,YAAL,CAAkBG,GAAlB,EAAuBqB,QAAvB,CAAD,CAAP;AACA1C,QAAAA,OAAO,CAAC,KAAKkB,YAAL,CAAkBG,GAAlB,EAAuB,WAAvB,CAAD,CAAP;AACD;;AACD,WAAKP,OAAL,CAAad,OAAb;AACAiD,MAAAA,SAAS,GAAG,IAAZ;AACD;;AACD,WAAOA,SAAP;AACD;AAED;AACF;AACA;AACA;AACA;AACA;AACA;AACA;;;AACEC,EAAAA,OAAO,GAAG;AACR,SAAKJ,KAAL;;AACA,QAAI,KAAKlC,IAAL,IAAatB,MAAM,CAACiC,IAAP,CAAYlC,YAAY,CAAC8D,eAAzB,EAA0C,KAAKvC,IAA/C,CAAjB,EAAuE;AACrE,aAAOvB,YAAY,CAAC8D,eAAb,CAA6B,KAAKvC,IAAlC,CAAP;AACD;AACF;;AAEDD,EAAAA,UAAU,CAACyC,MAAD,EAAS;AACjB7D,IAAAA,MAAM,CAACc,IAAP,CAAY+C,MAAZ,EAAoBP,OAApB,CAA4BxB,GAAG,IAAI;AACjC,WAAKF,GAAL,CAASE,GAAT,EAAc+B,MAAM,CAAC/B,GAAD,CAApB;AACD,KAFD;AAGD;;AAEDM,EAAAA,iBAAiB,CAACyB,MAAD,EAAS;AACxB7D,IAAAA,MAAM,CAACc,IAAP,CAAY+C,MAAZ,EAAoBP,OAApB,CAA4BxB,GAAG,IAAI;AACjC,WAAKK,UAAL,CAAgBL,GAAhB,EAAqB+B,MAAM,CAAC/B,GAAD,CAA3B;AACD,KAFD;AAGD;;AAEDQ,EAAAA,UAAU,CAACR,GAAD,EAAM;AACd,QAAI,EAAEA,GAAG,IAAI,KAAKJ,OAAd,CAAJ,EAA4B;AAC1B,WAAKA,OAAL,CAAaI,GAAb,IAAoB,IAAIN,OAAO,CAACC,UAAZ,EAApB;AACA,WAAKE,YAAL,CAAkBG,GAAlB,IAAyB,EAAzB;AACD;AACF,GA7RuB,CA+RxB;AACA;;;AACAgC,EAAAA,iBAAiB,GAAG;AAClB;AACA,WAAO,KAAKhD,IAAZ;AACD;;AApSuB","sourcesContent":["const hasOwn = Object.prototype.hasOwnProperty;\n\n// XXX come up with a serialization method which canonicalizes object key\n// order, which would allow us to use objects as values for equals.\nfunction stringify(value) {\n  if (value === undefined) {\n    return 'undefined';\n  }\n  return EJSON.stringify(value);\n}\n\nfunction parse(serialized) {\n  if (serialized === undefined || serialized === 'undefined') {\n    return undefined;\n  }\n  return EJSON.parse(serialized);\n}\n\nfunction changed(v) {\n  v && v.changed();\n}\n\n// XXX COMPAT WITH 0.9.1 : accept migrationData instead of dictName\n/**\n * @class\n * @instanceName ReactiveDict\n * @summary Constructor for a ReactiveDict, which represents a reactive dictionary of key/value pairs.\n * @locus Client\n * @param {String} [name] Optional.  When a name is passed, preserves contents across Hot Code Pushes\n * @param {Object} [initialValue] Optional.  The default values for the dictionary\n */\nexport class ReactiveDict {\n  constructor(dictName, dictData) {\n    // this.keys: key -> value\n    this.keys = {};\n\n    if (dictName) {\n      // name given; migration will be performed\n      if (typeof dictName === 'string') {\n        // the normal case, argument is a string name.\n\n        // Only run migration logic on client, it will cause\n        // duplicate name errors on server during reloads.\n        // _registerDictForMigrate will throw an error on duplicate name.\n        Meteor.isClient && ReactiveDict._registerDictForMigrate(dictName, this);\n        const migratedData = Meteor.isClient && ReactiveDict._loadMigratedDict(dictName);\n\n        if (migratedData) {\n          // Don't stringify migrated data\n          this.keys = migratedData;\n        } else {\n          // Use _setObject to make sure values are stringified\n          this._setObject(dictData || {});\n        }\n        this.name = dictName;\n      } else if (typeof dictName === 'object') {\n        // back-compat case: dictName is actually migrationData\n        // Use _setObject to make sure values are stringified\n        this._setObject(dictName);\n      } else {\n        throw new Error(\"Invalid ReactiveDict argument: \" + dictName);\n      }\n    } else if (typeof dictData === 'object') {\n      this._setObject(dictData);\n    }\n\n    this.allDeps = new Tracker.Dependency;\n    this.keyDeps = {}; // key -> Dependency\n    this.keyValueDeps = {}; // key -> Dependency\n  }\n\n  // set() began as a key/value method, but we are now overloading it\n  // to take an object of key/value pairs, similar to backbone\n  // http://backbonejs.org/#Model-set\n  /**\n   * @summary Set a value for a key in the ReactiveDict. Notify any listeners\n   * that the value has changed (eg: redraw templates, and rerun any\n   * [`Tracker.autorun`](#tracker_autorun) computations, that called\n   * [`ReactiveDict.get`](#ReactiveDict_get) on this `key`.)\n   * @locus Client\n   * @param {String} key The key to set, eg, `selectedItem`\n   * @param {EJSONable | undefined} value The new value for `key`\n   */\n  set(keyOrObject, value) {\n    if ((typeof keyOrObject === 'object') && (value === undefined)) {\n      // Called as `dict.set({...})`\n      this._setObject(keyOrObject);\n      return;\n    }\n    // the input isn't an object, so it must be a key\n    // and we resume with the rest of the function\n    const key = keyOrObject;\n\n    value = stringify(value);\n\n    const keyExisted = hasOwn.call(this.keys, key);\n    const oldSerializedValue = keyExisted ? this.keys[key] : 'undefined';\n    const isNewValue = (value !== oldSerializedValue);\n\n    this.keys[key] = value;\n\n    if (isNewValue || !keyExisted) {\n      // Using the changed utility function here because this.allDeps might not exist yet,\n      // when setting initial data from constructor\n      changed(this.allDeps);\n    }\n\n    // Don't trigger changes when setting initial data from constructor,\n    // this.KeyDeps is undefined in this case\n    if (isNewValue && this.keyDeps) {\n      changed(this.keyDeps[key]);\n      if (this.keyValueDeps[key]) {\n        changed(this.keyValueDeps[key][oldSerializedValue]);\n        changed(this.keyValueDeps[key][value]);\n      }\n    }\n  }\n\n  /**\n   * @summary Set a value for a key if it hasn't been set before.\n   * Otherwise works exactly the same as [`ReactiveDict.set`](#ReactiveDict-set).\n   * @locus Client\n   * @param {String} key The key to set, eg, `selectedItem`\n   * @param {EJSONable | undefined} value The new value for `key`\n   */\n  setDefault(keyOrObject, value) {\n    if ((typeof keyOrObject === 'object') && (value === undefined)) {\n      // Called as `dict.setDefault({...})`\n      this._setDefaultObject(keyOrObject);\n      return;\n    }\n    // the input isn't an object, so it must be a key\n    // and we resume with the rest of the function\n    const key = keyOrObject;\n\n    if (! hasOwn.call(this.keys, key)) {\n      this.set(key, value);\n    }\n  }\n\n  /**\n   * @summary Get the value assiciated with a key. If inside a [reactive\n   * computation](#reactivity), invalidate the computation the next time the\n   * value associated with this key is changed by\n   * [`ReactiveDict.set`](#ReactiveDict-set).\n   * This returns a clone of the value, so if it's an object or an array,\n   * mutating the returned value has no effect on the value stored in the\n   * ReactiveDict.\n   * @locus Client\n   * @param {String} key The key of the element to return\n   */\n  get(key) {\n    this._ensureKey(key);\n    this.keyDeps[key].depend();\n    return parse(this.keys[key]);\n  }\n\n  /**\n   * @summary Test if the stored entry for a key is equal to a value. If inside a\n   * [reactive computation](#reactivity), invalidate the computation the next\n   * time the variable changes to or from the value.\n   * @locus Client\n   * @param {String} key The name of the session variable to test\n   * @param {String | Number | Boolean | null | undefined} value The value to\n   * test against\n   */\n  equals(key, value) {\n    // Mongo.ObjectID is in the 'mongo' package\n    let ObjectID = null;\n    if (Package.mongo) {\n      ObjectID = Package.mongo.Mongo.ObjectID;\n    }\n    // We don't allow objects (or arrays that might include objects) for\n    // .equals, because JSON.stringify doesn't canonicalize object key\n    // order. (We can make equals have the right return value by parsing the\n    // current value and using EJSON.equals, but we won't have a canonical\n    // element of keyValueDeps[key] to store the dependency.) You can still use\n    // \"EJSON.equals(reactiveDict.get(key), value)\".\n    //\n    // XXX we could allow arrays as long as we recursively check that there\n    // are no objects\n    if (typeof value !== 'string' &&\n        typeof value !== 'number' &&\n        typeof value !== 'boolean' &&\n        typeof value !== 'undefined' &&\n        !(value instanceof Date) &&\n        !(ObjectID && value instanceof ObjectID) &&\n        value !== null) {\n      throw new Error(\"ReactiveDict.equals: value must be scalar\");\n    }\n    const serializedValue = stringify(value);\n\n    if (Tracker.active) {\n      this._ensureKey(key);\n\n      if (! hasOwn.call(this.keyValueDeps[key], serializedValue)) {\n        this.keyValueDeps[key][serializedValue] = new Tracker.Dependency;\n      }\n\n      var isNew = this.keyValueDeps[key][serializedValue].depend();\n      if (isNew) {\n        Tracker.onInvalidate(() => {\n          // clean up [key][serializedValue] if it's now empty, so we don't\n          // use O(n) memory for n = values seen ever\n          if (! this.keyValueDeps[key][serializedValue].hasDependents()) {\n            delete this.keyValueDeps[key][serializedValue];\n          }\n        });\n      }\n    }\n\n    let oldValue = undefined;\n    if (hasOwn.call(this.keys, key)) {\n      oldValue = parse(this.keys[key]);\n    }\n    return EJSON.equals(oldValue, value);\n  }\n\n  /**\n   * @summary Get all key-value pairs as a plain object. If inside a [reactive\n   * computation](#reactivity), invalidate the computation the next time the\n   * value associated with any key is changed by\n   * [`ReactiveDict.set`](#ReactiveDict-set).\n   * This returns a clone of each value, so if it's an object or an array,\n   * mutating the returned value has no effect on the value stored in the\n   * ReactiveDict.\n   * @locus Client\n   */\n  all() {\n    this.allDeps.depend();\n    let ret = {};\n    Object.keys(this.keys).forEach(key => {\n      ret[key] = parse(this.keys[key]);\n    });\n    return ret;\n  }\n\n  /**\n   * @summary remove all key-value pairs from the ReactiveDict. Notify any\n   * listeners that the value has changed (eg: redraw templates, and rerun any\n   * [`Tracker.autorun`](#tracker_autorun) computations, that called\n   * [`ReactiveDict.get`](#ReactiveDict_get) on this `key`.)\n   * @locus Client\n   */\n  clear() {\n    const oldKeys = this.keys;\n    this.keys = {};\n\n    this.allDeps.changed();\n\n    Object.keys(oldKeys).forEach(key => {\n      changed(this.keyDeps[key]);\n      if (this.keyValueDeps[key]) {\n        changed(this.keyValueDeps[key][oldKeys[key]]);\n        changed(this.keyValueDeps[key]['undefined']);\n      }\n    });\n  }\n\n  /**\n   * @summary remove a key-value pair from the ReactiveDict. Notify any listeners\n   * that the value has changed (eg: redraw templates, and rerun any\n   * [`Tracker.autorun`](#tracker_autorun) computations, that called\n   * [`ReactiveDict.get`](#ReactiveDict_get) on this `key`.)\n   * @locus Client\n   * @param {String} key The key to delete, eg, `selectedItem`\n   */\n  delete(key) {\n    let didRemove = false;\n\n    if (hasOwn.call(this.keys, key)) {\n      const oldValue = this.keys[key];\n      delete this.keys[key];\n      changed(this.keyDeps[key]);\n      if (this.keyValueDeps[key]) {\n        changed(this.keyValueDeps[key][oldValue]);\n        changed(this.keyValueDeps[key]['undefined']);\n      }\n      this.allDeps.changed();\n      didRemove = true;\n    }\n    return didRemove;\n  }\n\n  /**\n   * @summary Clear all values from the reactiveDict and prevent it from being\n   * migrated on a Hot Code Pushes. Notify any listeners\n   * that the value has changed (eg: redraw templates, and rerun any\n   * [`Tracker.autorun`](#tracker_autorun) computations, that called\n   * [`ReactiveDict.get`](#ReactiveDict_get) on this `key`.)\n   * @locus Client\n   */\n  destroy() {\n    this.clear();\n    if (this.name && hasOwn.call(ReactiveDict._dictsToMigrate, this.name)) {\n      delete ReactiveDict._dictsToMigrate[this.name];\n    }\n  }\n\n  _setObject(object) {\n    Object.keys(object).forEach(key => {\n      this.set(key, object[key]);\n    });\n  }\n\n  _setDefaultObject(object) {\n    Object.keys(object).forEach(key => {\n      this.setDefault(key, object[key]);\n    });\n  }\n\n  _ensureKey(key) {\n    if (!(key in this.keyDeps)) {\n      this.keyDeps[key] = new Tracker.Dependency;\n      this.keyValueDeps[key] = {};\n    }\n  }\n\n  // Get a JSON value that can be passed to the constructor to\n  // create a new ReactiveDict with the same contents as this one\n  _getMigrationData() {\n    // XXX sanitize and make sure it's JSONible?\n    return this.keys;\n  }\n}\n"]},"sourceType":"module","hash":"63104af670805e1bcdc631ab35039d0910d5856b"}
