{"metadata":{},"options":{"assumptions":{},"compact":false,"sourceMaps":true,"ast":true,"babelrc":false,"configFile":false,"parserOpts":{"sourceType":"module","sourceFileName":"C:\\Users\\andrejs\\Documents\\99_LU\\viziquer\\tmp\\viziquerdss\\packages\\htmljs\\visitors.js","plugins":["*","flow","jsx","asyncGenerators","bigInt","classPrivateMethods","classPrivateProperties","classProperties","doExpressions","dynamicImport","exportDefaultFrom","exportExtensions","exportNamespaceFrom","functionBind","functionSent","importMeta","nullishCoalescingOperator","numericSeparator","objectRestSpread","optionalCatchBinding","optionalChaining",["pipelineOperator",{"proposal":"minimal"}],"throwExpressions","objectRestSpread","objectRestSpread","asyncGenerators","classProperties","classPrivateProperties","jsx","nullishCoalescingOperator","nullishCoalescingOperator","optionalChaining","optionalChaining","optionalCatchBinding","optionalCatchBinding","classProperties","classPrivateProperties","classPrivateMethods","classProperties","classPrivateProperties","asyncGenerators","asyncGenerators","objectRestSpread","objectRestSpread"],"allowImportExportEverywhere":true,"allowReturnOutsideFunction":true,"allowUndeclaredExports":true,"strictMode":false},"caller":{"name":"meteor","arch":"os.windows.x86_64"},"sourceFileName":"packages/htmljs/visitors.js","filename":"C:\\Users\\andrejs\\Documents\\99_LU\\viziquer\\tmp\\viziquerdss\\packages\\htmljs\\visitors.js","targets":{},"cloneInputAst":true,"browserslistConfigFile":false,"passPerPreset":false,"envName":"development","cwd":"C:\\Users\\andrejs\\Documents\\99_LU\\viziquer\\tmp\\viziquerdss","root":"C:\\Users\\andrejs\\Documents\\99_LU\\viziquer\\tmp\\viziquerdss","rootMode":"root","plugins":[{"key":"base$0","visitor":{"_exploded":true,"_verified":true},"options":{}},{"key":"base$0$0","visitor":{"Program":{"enter":[null],"exit":[null]},"_exploded":true,"_verified":true},"options":{"avoidModernSyntax":false,"enforceStrictMode":false,"dynamicImport":true,"generateLetDeclarations":true}},{"key":"transform-runtime","visitor":{"MemberExpression":{"enter":[null]},"ObjectPattern":{"enter":[null]},"BinaryExpression":{"enter":[null]},"_exploded":{},"_verified":{},"Identifier":{"enter":[null]},"JSXIdentifier":{"enter":[null]}},"options":{"version":"7.13.10","helpers":true,"useESModules":false,"corejs":false}},{"key":"syntax-object-rest-spread","visitor":{"_exploded":true,"_verified":true},"options":{}},{"key":"proposal-object-rest-spread","visitor":{"_exploded":{},"_verified":{},"VariableDeclarator":{"enter":[null]},"ExportNamedDeclaration":{"enter":[null]},"CatchClause":{"enter":[null]},"AssignmentExpression":{"enter":[null]},"ArrayPattern":{"enter":[null]},"ObjectExpression":{"enter":[null]},"FunctionDeclaration":{"enter":[null]},"FunctionExpression":{"enter":[null]},"ObjectMethod":{"enter":[null]},"ArrowFunctionExpression":{"enter":[null]},"ClassMethod":{"enter":[null]},"ClassPrivateMethod":{"enter":[null]},"ForInStatement":{"enter":[null]},"ForOfStatement":{"enter":[null]}},"options":{}},{"key":"transform-meteor-async-await","visitor":{"AwaitExpression":{"enter":[null]},"_exploded":true,"_verified":true,"FunctionDeclaration":{"exit":[null]},"FunctionExpression":{"exit":[null]},"ObjectMethod":{"exit":[null]},"ArrowFunctionExpression":{"exit":[null]},"ClassMethod":{"exit":[null]},"ClassPrivateMethod":{"exit":[null]}},"options":{"useNativeAsyncAwait":false}},{"key":"proposal-async-generator-functions","visitor":{"_exploded":{},"_verified":{},"Program":{"enter":[null]}},"options":{}},{"key":"proposal-class-properties","visitor":{"PrivateName":{"enter":[null]},"ExportDefaultDeclaration":{"enter":[null]},"_exploded":true,"_verified":true,"ClassExpression":{"enter":[null]},"ClassDeclaration":{"enter":[null]}},"options":{"loose":true}},{"key":"transform-react-jsx","visitor":{"_exploded":{},"_verified":{},"JSXNamespacedName":{"enter":[null]},"JSXSpreadChild":{"enter":[null]},"Program":{"enter":[null]},"JSXElement":{"exit":[null]},"JSXFragment":{"exit":[null]},"JSXAttribute":{"enter":[null]}},"options":{"pragma":"React.createElement","pragmaFrag":"React.Fragment","runtime":"classic","throwIfNamespace":true,"useBuiltIns":false}},{"key":"transform-react-display-name","visitor":{"ExportDefaultDeclaration":{"enter":[null]},"CallExpression":{"enter":[null]},"_exploded":true,"_verified":true},"options":{}},{"key":"transform-react-pure-annotations","visitor":{"CallExpression":{"enter":[null]},"_exploded":true,"_verified":true},"options":{}},{"key":"syntax-nullish-coalescing-operator","visitor":{"_exploded":true,"_verified":true},"options":{}},{"key":"proposal-nullish-coalescing-operator","visitor":{"_exploded":{},"_verified":{},"LogicalExpression":{"enter":[null]}},"options":{}},{"key":"syntax-optional-chaining","visitor":{"_exploded":true,"_verified":true},"options":{}},{"key":"proposal-optional-chaining","visitor":{"_exploded":{},"_verified":{},"OptionalCallExpression":{"enter":[null]},"OptionalMemberExpression":{"enter":[null]}},"options":{}},{"key":"syntax-optional-catch-binding","visitor":{"_exploded":true,"_verified":true},"options":{}},{"key":"proposal-optional-catch-binding","visitor":{"_exploded":{},"_verified":{},"CatchClause":{"enter":[null]}},"options":{}},{"key":"syntax-class-properties","visitor":{"_exploded":true,"_verified":true},"options":{}},{"key":"proposal-class-properties","visitor":{"PrivateName":{"enter":[null]},"ExportDefaultDeclaration":{"enter":[null]},"_exploded":true,"_verified":true,"ClassExpression":{"enter":[null]},"ClassDeclaration":{"enter":[null]}},"options":{}},{"key":"syntax-async-generators","visitor":{"_exploded":true,"_verified":true},"options":{}},{"key":"proposal-async-generator-functions","visitor":{"_exploded":{},"_verified":{},"Program":{"enter":[null]}},"options":{}},{"key":"syntax-object-rest-spread","visitor":{"_exploded":true,"_verified":true},"options":{}},{"key":"proposal-object-rest-spread","visitor":{"_exploded":{},"_verified":{},"VariableDeclarator":{"enter":[null]},"ExportNamedDeclaration":{"enter":[null]},"CatchClause":{"enter":[null]},"AssignmentExpression":{"enter":[null]},"ArrayPattern":{"enter":[null]},"ObjectExpression":{"enter":[null]},"FunctionDeclaration":{"enter":[null]},"FunctionExpression":{"enter":[null]},"ObjectMethod":{"enter":[null]},"ArrowFunctionExpression":{"enter":[null]},"ClassMethod":{"enter":[null]},"ClassPrivateMethod":{"enter":[null]},"ForInStatement":{"enter":[null]},"ForOfStatement":{"enter":[null]}},"options":{}},{"key":"transform-literals","visitor":{"NumericLiteral":{"enter":[null]},"StringLiteral":{"enter":[null]},"_exploded":true,"_verified":true},"options":{}},{"key":"transform-template-literals","visitor":{"TaggedTemplateExpression":{"enter":[null]},"TemplateLiteral":{"enter":[null]},"_exploded":true,"_verified":true},"options":{}},{"key":"transform-parameters","visitor":{"_exploded":true,"_verified":true,"FunctionDeclaration":{"enter":[null]},"FunctionExpression":{"enter":[null]},"ObjectMethod":{"enter":[null]},"ArrowFunctionExpression":{"enter":[null]},"ClassMethod":{"enter":[null]},"ClassPrivateMethod":{"enter":[null]}},"options":{}},{"key":"transform-exponentiation-operator","visitor":{"AssignmentExpression":{"enter":[null]},"BinaryExpression":{"enter":[null]},"_exploded":true,"_verified":true},"options":{}}],"presets":[],"generatorOpts":{"filename":"C:\\Users\\andrejs\\Documents\\99_LU\\viziquer\\tmp\\viziquerdss\\packages\\htmljs\\visitors.js","comments":true,"compact":false,"sourceMaps":true,"sourceFileName":"packages/htmljs/visitors.js"}},"code":"module.export({\n  Visitor: () => Visitor,\n  TransformingVisitor: () => TransformingVisitor,\n  ToTextVisitor: () => ToTextVisitor,\n  ToHTMLVisitor: () => ToHTMLVisitor,\n  toHTML: () => toHTML,\n  TEXTMODE: () => TEXTMODE,\n  toText: () => toText\n});\nlet Tag, CharRef, Comment, Raw, isArray, getTag, isConstructedObject, flattenAttributes, isVoidElement;\nmodule.link(\"./html\", {\n  Tag(v) {\n    Tag = v;\n  },\n\n  CharRef(v) {\n    CharRef = v;\n  },\n\n  Comment(v) {\n    Comment = v;\n  },\n\n  Raw(v) {\n    Raw = v;\n  },\n\n  isArray(v) {\n    isArray = v;\n  },\n\n  getTag(v) {\n    getTag = v;\n  },\n\n  isConstructedObject(v) {\n    isConstructedObject = v;\n  },\n\n  flattenAttributes(v) {\n    flattenAttributes = v;\n  },\n\n  isVoidElement(v) {\n    isVoidElement = v;\n  }\n\n}, 0);\n\nvar IDENTITY = function (x) {\n  return x;\n}; // _assign is like _.extend or the upcoming Object.assign.\n// Copy src's own, enumerable properties onto tgt and return\n// tgt.\n\n\nvar _hasOwnProperty = Object.prototype.hasOwnProperty;\n\nvar _assign = function (tgt, src) {\n  for (var k in src) {\n    if (_hasOwnProperty.call(src, k)) tgt[k] = src[k];\n  }\n\n  return tgt;\n};\n\nconst Visitor = function (props) {\n  _assign(this, props);\n};\n\nVisitor.def = function (options) {\n  _assign(this.prototype, options);\n};\n\nVisitor.extend = function (options) {\n  var curType = this;\n\n  var subType = function HTMLVisitorSubtype()\n  /*arguments*/\n  {\n    Visitor.apply(this, arguments);\n  };\n\n  subType.prototype = new curType();\n  subType.extend = curType.extend;\n  subType.def = curType.def;\n  if (options) _assign(subType.prototype, options);\n  return subType;\n};\n\nVisitor.def({\n  visit: function (content\n  /*, ...*/\n  ) {\n    if (content == null) // null or undefined.\n      return this.visitNull.apply(this, arguments);\n\n    if (typeof content === 'object') {\n      if (content.htmljsType) {\n        switch (content.htmljsType) {\n          case Tag.htmljsType:\n            return this.visitTag.apply(this, arguments);\n\n          case CharRef.htmljsType:\n            return this.visitCharRef.apply(this, arguments);\n\n          case Comment.htmljsType:\n            return this.visitComment.apply(this, arguments);\n\n          case Raw.htmljsType:\n            return this.visitRaw.apply(this, arguments);\n\n          default:\n            throw new Error(\"Unknown htmljs type: \" + content.htmljsType);\n        }\n      }\n\n      if (isArray(content)) return this.visitArray.apply(this, arguments);\n      return this.visitObject.apply(this, arguments);\n    } else if (typeof content === 'string' || typeof content === 'boolean' || typeof content === 'number') {\n      return this.visitPrimitive.apply(this, arguments);\n    } else if (typeof content === 'function') {\n      return this.visitFunction.apply(this, arguments);\n    }\n\n    throw new Error(\"Unexpected object in htmljs: \" + content);\n  },\n  visitNull: function (nullOrUndefined\n  /*, ...*/\n  ) {},\n  visitPrimitive: function (stringBooleanOrNumber\n  /*, ...*/\n  ) {},\n  visitArray: function (array\n  /*, ...*/\n  ) {},\n  visitComment: function (comment\n  /*, ...*/\n  ) {},\n  visitCharRef: function (charRef\n  /*, ...*/\n  ) {},\n  visitRaw: function (raw\n  /*, ...*/\n  ) {},\n  visitTag: function (tag\n  /*, ...*/\n  ) {},\n  visitObject: function (obj\n  /*, ...*/\n  ) {\n    throw new Error(\"Unexpected object in htmljs: \" + obj);\n  },\n  visitFunction: function (fn\n  /*, ...*/\n  ) {\n    throw new Error(\"Unexpected function in htmljs: \" + fn);\n  }\n});\nconst TransformingVisitor = Visitor.extend();\nTransformingVisitor.def({\n  visitNull: IDENTITY,\n  visitPrimitive: IDENTITY,\n  visitArray: function (array) {\n    var result = array;\n\n    for (var _len = arguments.length, args = new Array(_len > 1 ? _len - 1 : 0), _key = 1; _key < _len; _key++) {\n      args[_key - 1] = arguments[_key];\n    }\n\n    for (var i = 0; i < array.length; i++) {\n      var oldItem = array[i];\n      var newItem = this.visit(oldItem, ...args);\n\n      if (newItem !== oldItem) {\n        // copy `array` on write\n        if (result === array) result = array.slice();\n        result[i] = newItem;\n      }\n    }\n\n    return result;\n  },\n  visitComment: IDENTITY,\n  visitCharRef: IDENTITY,\n  visitRaw: IDENTITY,\n  visitObject: function (obj) {\n    // Don't parse Markdown & RCData as HTML\n    if (obj.textMode != null) {\n      return obj;\n    }\n\n    for (var _len2 = arguments.length, args = new Array(_len2 > 1 ? _len2 - 1 : 0), _key2 = 1; _key2 < _len2; _key2++) {\n      args[_key2 - 1] = arguments[_key2];\n    }\n\n    if ('content' in obj) {\n      obj.content = this.visit(obj.content, ...args);\n    }\n\n    if ('elseContent' in obj) {\n      obj.elseContent = this.visit(obj.elseContent, ...args);\n    }\n\n    return obj;\n  },\n  visitFunction: IDENTITY,\n  visitTag: function (tag) {\n    var oldChildren = tag.children;\n\n    for (var _len3 = arguments.length, args = new Array(_len3 > 1 ? _len3 - 1 : 0), _key3 = 1; _key3 < _len3; _key3++) {\n      args[_key3 - 1] = arguments[_key3];\n    }\n\n    var newChildren = this.visitChildren(oldChildren, ...args);\n    var oldAttrs = tag.attrs;\n    var newAttrs = this.visitAttributes(oldAttrs, ...args);\n    if (newAttrs === oldAttrs && newChildren === oldChildren) return tag;\n    var newTag = getTag(tag.tagName).apply(null, newChildren);\n    newTag.attrs = newAttrs;\n    return newTag;\n  },\n  visitChildren: function (children) {\n    for (var _len4 = arguments.length, args = new Array(_len4 > 1 ? _len4 - 1 : 0), _key4 = 1; _key4 < _len4; _key4++) {\n      args[_key4 - 1] = arguments[_key4];\n    }\n\n    return this.visitArray(children, ...args);\n  },\n  // Transform the `.attrs` property of a tag, which may be a dictionary,\n  // an array, or in some uses, a foreign object (such as\n  // a template tag).\n  visitAttributes: function (attrs) {\n    for (var _len5 = arguments.length, args = new Array(_len5 > 1 ? _len5 - 1 : 0), _key5 = 1; _key5 < _len5; _key5++) {\n      args[_key5 - 1] = arguments[_key5];\n    }\n\n    if (isArray(attrs)) {\n      var result = attrs;\n\n      for (var i = 0; i < attrs.length; i++) {\n        var oldItem = attrs[i];\n        var newItem = this.visitAttributes(oldItem, ...args);\n\n        if (newItem !== oldItem) {\n          // copy on write\n          if (result === attrs) result = attrs.slice();\n          result[i] = newItem;\n        }\n      }\n\n      return result;\n    }\n\n    if (attrs && isConstructedObject(attrs)) {\n      throw new Error(\"The basic TransformingVisitor does not support \" + \"foreign objects in attributes.  Define a custom \" + \"visitAttributes for this case.\");\n    }\n\n    var oldAttrs = attrs;\n    var newAttrs = oldAttrs;\n\n    if (oldAttrs) {\n      var attrArgs = [null, null];\n      attrArgs.push.apply(attrArgs, arguments);\n\n      for (var k in oldAttrs) {\n        var oldValue = oldAttrs[k];\n        attrArgs[0] = k;\n        attrArgs[1] = oldValue;\n        var newValue = this.visitAttribute.apply(this, attrArgs);\n\n        if (newValue !== oldValue) {\n          // copy on write\n          if (newAttrs === oldAttrs) newAttrs = _assign({}, oldAttrs);\n          newAttrs[k] = newValue;\n        }\n      }\n    }\n\n    return newAttrs;\n  },\n  // Transform the value of one attribute name/value in an\n  // attributes dictionary.\n  visitAttribute: function (name, value, tag) {\n    for (var _len6 = arguments.length, args = new Array(_len6 > 3 ? _len6 - 3 : 0), _key6 = 3; _key6 < _len6; _key6++) {\n      args[_key6 - 3] = arguments[_key6];\n    }\n\n    return this.visit(value, ...args);\n  }\n});\nconst ToTextVisitor = Visitor.extend();\nToTextVisitor.def({\n  visitNull: function (nullOrUndefined) {\n    return '';\n  },\n  visitPrimitive: function (stringBooleanOrNumber) {\n    var str = String(stringBooleanOrNumber);\n\n    if (this.textMode === TEXTMODE.RCDATA) {\n      return str.replace(/&/g, '&amp;').replace(/</g, '&lt;');\n    } else if (this.textMode === TEXTMODE.ATTRIBUTE) {\n      // escape `&` and `\"` this time, not `&` and `<`\n      return str.replace(/&/g, '&amp;').replace(/\"/g, '&quot;');\n    } else {\n      return str;\n    }\n  },\n  visitArray: function (array) {\n    var parts = [];\n\n    for (var i = 0; i < array.length; i++) parts.push(this.visit(array[i]));\n\n    return parts.join('');\n  },\n  visitComment: function (comment) {\n    throw new Error(\"Can't have a comment here\");\n  },\n  visitCharRef: function (charRef) {\n    if (this.textMode === TEXTMODE.RCDATA || this.textMode === TEXTMODE.ATTRIBUTE) {\n      return charRef.html;\n    } else {\n      return charRef.str;\n    }\n  },\n  visitRaw: function (raw) {\n    return raw.value;\n  },\n  visitTag: function (tag) {\n    // Really we should just disallow Tags here.  However, at the\n    // moment it's useful to stringify any HTML we find.  In\n    // particular, when you include a template within `{{#markdown}}`,\n    // we render the template as text, and since there's currently\n    // no way to make the template be *parsed* as text (e.g. `<template\n    // type=\"text\">`), we hackishly support HTML tags in markdown\n    // in templates by parsing them and stringifying them.\n    return this.visit(this.toHTML(tag));\n  },\n  visitObject: function (x) {\n    throw new Error(\"Unexpected object in htmljs in toText: \" + x);\n  },\n  toHTML: function (node) {\n    return toHTML(node);\n  }\n});\nconst ToHTMLVisitor = Visitor.extend();\nToHTMLVisitor.def({\n  visitNull: function (nullOrUndefined) {\n    return '';\n  },\n  visitPrimitive: function (stringBooleanOrNumber) {\n    var str = String(stringBooleanOrNumber);\n    return str.replace(/&/g, '&amp;').replace(/</g, '&lt;');\n  },\n  visitArray: function (array) {\n    var parts = [];\n\n    for (var i = 0; i < array.length; i++) parts.push(this.visit(array[i]));\n\n    return parts.join('');\n  },\n  visitComment: function (comment) {\n    return '<!--' + comment.sanitizedValue + '-->';\n  },\n  visitCharRef: function (charRef) {\n    return charRef.html;\n  },\n  visitRaw: function (raw) {\n    return raw.value;\n  },\n  visitTag: function (tag) {\n    var attrStrs = [];\n    var tagName = tag.tagName;\n    var children = tag.children;\n    var attrs = tag.attrs;\n\n    if (attrs) {\n      attrs = flattenAttributes(attrs);\n\n      for (var k in attrs) {\n        if (k === 'value' && tagName === 'textarea') {\n          children = [attrs[k], children];\n        } else {\n          var v = this.toText(attrs[k], TEXTMODE.ATTRIBUTE);\n          attrStrs.push(' ' + k + '=\"' + v + '\"');\n        }\n      }\n    }\n\n    var startTag = '<' + tagName + attrStrs.join('') + '>';\n    var childStrs = [];\n    var content;\n\n    if (tagName === 'textarea') {\n      for (var i = 0; i < children.length; i++) childStrs.push(this.toText(children[i], TEXTMODE.RCDATA));\n\n      content = childStrs.join('');\n      if (content.slice(0, 1) === '\\n') // TEXTAREA will absorb a newline, so if we see one, add\n        // another one.\n        content = '\\n' + content;\n    } else {\n      for (var i = 0; i < children.length; i++) childStrs.push(this.visit(children[i]));\n\n      content = childStrs.join('');\n    }\n\n    var result = startTag + content;\n\n    if (children.length || !isVoidElement(tagName)) {\n      // \"Void\" elements like BR are the only ones that don't get a close\n      // tag in HTML5.  They shouldn't have contents, either, so we could\n      // throw an error upon seeing contents here.\n      result += '</' + tagName + '>';\n    }\n\n    return result;\n  },\n  visitObject: function (x) {\n    throw new Error(\"Unexpected object in htmljs in toHTML: \" + x);\n  },\n  toText: function (node, textMode) {\n    return toText(node, textMode);\n  }\n}); ////////////////////////////// TOHTML\n\nfunction toHTML(content) {\n  return new ToHTMLVisitor().visit(content);\n}\n\nconst TEXTMODE = {\n  STRING: 1,\n  RCDATA: 2,\n  ATTRIBUTE: 3\n};\n\nfunction toText(content, textMode) {\n  if (!textMode) throw new Error(\"textMode required for HTML.toText\");\n  if (!(textMode === TEXTMODE.STRING || textMode === TEXTMODE.RCDATA || textMode === TEXTMODE.ATTRIBUTE)) throw new Error(\"Unknown textMode: \" + textMode);\n  var visitor = new ToTextVisitor({\n    textMode: textMode\n  });\n  return visitor.visit(content);\n}","map":{"version":3,"sources":["packages/htmljs/visitors.js"],"names":["module","export","Visitor","TransformingVisitor","ToTextVisitor","ToHTMLVisitor","toHTML","TEXTMODE","toText","Tag","CharRef","Comment","Raw","isArray","getTag","isConstructedObject","flattenAttributes","isVoidElement","link","v","IDENTITY","x","_hasOwnProperty","Object","prototype","hasOwnProperty","_assign","tgt","src","k","call","props","def","options","extend","curType","subType","HTMLVisitorSubtype","apply","arguments","visit","content","visitNull","htmljsType","visitTag","visitCharRef","visitComment","visitRaw","Error","visitArray","visitObject","visitPrimitive","visitFunction","nullOrUndefined","stringBooleanOrNumber","array","comment","charRef","raw","tag","obj","fn","result","args","i","length","oldItem","newItem","slice","textMode","elseContent","oldChildren","children","newChildren","visitChildren","oldAttrs","attrs","newAttrs","visitAttributes","newTag","tagName","attrArgs","push","oldValue","newValue","visitAttribute","name","value","str","String","RCDATA","replace","ATTRIBUTE","parts","join","html","node","sanitizedValue","attrStrs","startTag","childStrs","STRING","visitor"],"mappings":"AAAAA,MAAM,CAACC,MAAP,CAAc;AAACC,EAAAA,OAAO,EAAC,MAAIA,OAAb;AAAqBC,EAAAA,mBAAmB,EAAC,MAAIA,mBAA7C;AAAiEC,EAAAA,aAAa,EAAC,MAAIA,aAAnF;AAAiGC,EAAAA,aAAa,EAAC,MAAIA,aAAnH;AAAiIC,EAAAA,MAAM,EAAC,MAAIA,MAA5I;AAAmJC,EAAAA,QAAQ,EAAC,MAAIA,QAAhK;AAAyKC,EAAAA,MAAM,EAAC,MAAIA;AAApL,CAAd;AAA2M,IAAIC,GAAJ,EAAQC,OAAR,EAAgBC,OAAhB,EAAwBC,GAAxB,EAA4BC,OAA5B,EAAoCC,MAApC,EAA2CC,mBAA3C,EAA+DC,iBAA/D,EAAiFC,aAAjF;AAA+FjB,MAAM,CAACkB,IAAP,CAAY,QAAZ,EAAqB;AAACT,EAAAA,GAAG,CAACU,CAAD,EAAG;AAACV,IAAAA,GAAG,GAACU,CAAJ;AAAM,GAAd;;AAAeT,EAAAA,OAAO,CAACS,CAAD,EAAG;AAACT,IAAAA,OAAO,GAACS,CAAR;AAAU,GAApC;;AAAqCR,EAAAA,OAAO,CAACQ,CAAD,EAAG;AAACR,IAAAA,OAAO,GAACQ,CAAR;AAAU,GAA1D;;AAA2DP,EAAAA,GAAG,CAACO,CAAD,EAAG;AAACP,IAAAA,GAAG,GAACO,CAAJ;AAAM,GAAxE;;AAAyEN,EAAAA,OAAO,CAACM,CAAD,EAAG;AAACN,IAAAA,OAAO,GAACM,CAAR;AAAU,GAA9F;;AAA+FL,EAAAA,MAAM,CAACK,CAAD,EAAG;AAACL,IAAAA,MAAM,GAACK,CAAP;AAAS,GAAlH;;AAAmHJ,EAAAA,mBAAmB,CAACI,CAAD,EAAG;AAACJ,IAAAA,mBAAmB,GAACI,CAApB;AAAsB,GAAhK;;AAAiKH,EAAAA,iBAAiB,CAACG,CAAD,EAAG;AAACH,IAAAA,iBAAiB,GAACG,CAAlB;AAAoB,GAA1M;;AAA2MF,EAAAA,aAAa,CAACE,CAAD,EAAG;AAACF,IAAAA,aAAa,GAACE,CAAd;AAAgB;;AAA5O,CAArB,EAAmQ,CAAnQ;;AAa1S,IAAIC,QAAQ,GAAG,UAAUC,CAAV,EAAa;AAAE,SAAOA,CAAP;AAAW,CAAzC,C,CAEA;AACA;AACA;;;AACA,IAAIC,eAAe,GAAGC,MAAM,CAACC,SAAP,CAAiBC,cAAvC;;AACA,IAAIC,OAAO,GAAG,UAAUC,GAAV,EAAeC,GAAf,EAAoB;AAChC,OAAK,IAAIC,CAAT,IAAcD,GAAd,EAAmB;AACjB,QAAIN,eAAe,CAACQ,IAAhB,CAAqBF,GAArB,EAA0BC,CAA1B,CAAJ,EACEF,GAAG,CAACE,CAAD,CAAH,GAASD,GAAG,CAACC,CAAD,CAAZ;AACH;;AACD,SAAOF,GAAP;AACD,CAND;;AAQO,MAAMzB,OAAO,GAAG,UAAU6B,KAAV,EAAiB;AACtCL,EAAAA,OAAO,CAAC,IAAD,EAAOK,KAAP,CAAP;AACD,CAFM;;AAIP7B,OAAO,CAAC8B,GAAR,GAAc,UAAUC,OAAV,EAAmB;AAC/BP,EAAAA,OAAO,CAAC,KAAKF,SAAN,EAAiBS,OAAjB,CAAP;AACD,CAFD;;AAIA/B,OAAO,CAACgC,MAAR,GAAiB,UAAUD,OAAV,EAAmB;AAClC,MAAIE,OAAO,GAAG,IAAd;;AACA,MAAIC,OAAO,GAAG,SAASC,kBAAT;AAA4B;AAAe;AACvDnC,IAAAA,OAAO,CAACoC,KAAR,CAAc,IAAd,EAAoBC,SAApB;AACD,GAFD;;AAGAH,EAAAA,OAAO,CAACZ,SAAR,GAAoB,IAAIW,OAAJ,EAApB;AACAC,EAAAA,OAAO,CAACF,MAAR,GAAiBC,OAAO,CAACD,MAAzB;AACAE,EAAAA,OAAO,CAACJ,GAAR,GAAcG,OAAO,CAACH,GAAtB;AACA,MAAIC,OAAJ,EACEP,OAAO,CAACU,OAAO,CAACZ,SAAT,EAAoBS,OAApB,CAAP;AACF,SAAOG,OAAP;AACD,CAXD;;AAaAlC,OAAO,CAAC8B,GAAR,CAAY;AACVQ,EAAAA,KAAK,EAAE,UAAUC;AAAO;AAAjB,IAA4B;AACjC,QAAIA,OAAO,IAAI,IAAf,EACE;AACA,aAAO,KAAKC,SAAL,CAAeJ,KAAf,CAAqB,IAArB,EAA2BC,SAA3B,CAAP;;AAEF,QAAI,OAAOE,OAAP,KAAmB,QAAvB,EAAiC;AAC/B,UAAIA,OAAO,CAACE,UAAZ,EAAwB;AACtB,gBAAQF,OAAO,CAACE,UAAhB;AACA,eAAKlC,GAAG,CAACkC,UAAT;AACE,mBAAO,KAAKC,QAAL,CAAcN,KAAd,CAAoB,IAApB,EAA0BC,SAA1B,CAAP;;AACF,eAAK7B,OAAO,CAACiC,UAAb;AACE,mBAAO,KAAKE,YAAL,CAAkBP,KAAlB,CAAwB,IAAxB,EAA8BC,SAA9B,CAAP;;AACF,eAAK5B,OAAO,CAACgC,UAAb;AACE,mBAAO,KAAKG,YAAL,CAAkBR,KAAlB,CAAwB,IAAxB,EAA8BC,SAA9B,CAAP;;AACF,eAAK3B,GAAG,CAAC+B,UAAT;AACE,mBAAO,KAAKI,QAAL,CAAcT,KAAd,CAAoB,IAApB,EAA0BC,SAA1B,CAAP;;AACF;AACE,kBAAM,IAAIS,KAAJ,CAAU,0BAA0BP,OAAO,CAACE,UAA5C,CAAN;AAVF;AAYD;;AAED,UAAI9B,OAAO,CAAC4B,OAAD,CAAX,EACE,OAAO,KAAKQ,UAAL,CAAgBX,KAAhB,CAAsB,IAAtB,EAA4BC,SAA5B,CAAP;AAEF,aAAO,KAAKW,WAAL,CAAiBZ,KAAjB,CAAuB,IAAvB,EAA6BC,SAA7B,CAAP;AAED,KArBD,MAqBO,IAAK,OAAOE,OAAP,KAAmB,QAApB,IACC,OAAOA,OAAP,KAAmB,SADpB,IAEC,OAAOA,OAAP,KAAmB,QAFxB,EAEmC;AACxC,aAAO,KAAKU,cAAL,CAAoBb,KAApB,CAA0B,IAA1B,EAAgCC,SAAhC,CAAP;AAED,KALM,MAKA,IAAI,OAAOE,OAAP,KAAmB,UAAvB,EAAmC;AACxC,aAAO,KAAKW,aAAL,CAAmBd,KAAnB,CAAyB,IAAzB,EAA+BC,SAA/B,CAAP;AACD;;AAED,UAAM,IAAIS,KAAJ,CAAU,kCAAkCP,OAA5C,CAAN;AAED,GAtCS;AAuCVC,EAAAA,SAAS,EAAE,UAAUW;AAAe;AAAzB,IAAoC,CAAE,CAvCvC;AAwCVF,EAAAA,cAAc,EAAE,UAAUG;AAAqB;AAA/B,IAA0C,CAAE,CAxClD;AAyCVL,EAAAA,UAAU,EAAE,UAAUM;AAAK;AAAf,IAA0B,CAAE,CAzC9B;AA0CVT,EAAAA,YAAY,EAAE,UAAUU;AAAO;AAAjB,IAA4B,CAAE,CA1ClC;AA2CVX,EAAAA,YAAY,EAAE,UAAUY;AAAO;AAAjB,IAA4B,CAAE,CA3ClC;AA4CVV,EAAAA,QAAQ,EAAE,UAAUW;AAAG;AAAb,IAAwB,CAAE,CA5C1B;AA6CVd,EAAAA,QAAQ,EAAE,UAAUe;AAAG;AAAb,IAAwB,CAAE,CA7C1B;AA8CVT,EAAAA,WAAW,EAAE,UAAUU;AAAG;AAAb,IAAwB;AACnC,UAAM,IAAIZ,KAAJ,CAAU,kCAAkCY,GAA5C,CAAN;AACD,GAhDS;AAiDVR,EAAAA,aAAa,EAAE,UAAUS;AAAE;AAAZ,IAAuB;AACpC,UAAM,IAAIb,KAAJ,CAAU,oCAAoCa,EAA9C,CAAN;AACD;AAnDS,CAAZ;AAsDO,MAAM1D,mBAAmB,GAAGD,OAAO,CAACgC,MAAR,EAA5B;AACP/B,mBAAmB,CAAC6B,GAApB,CAAwB;AACtBU,EAAAA,SAAS,EAAEtB,QADW;AAEtB+B,EAAAA,cAAc,EAAE/B,QAFM;AAGtB6B,EAAAA,UAAU,EAAE,UAAUM,KAAV,EAA0B;AACpC,QAAIO,MAAM,GAAGP,KAAb;;AADoC,sCAANQ,IAAM;AAANA,MAAAA,IAAM;AAAA;;AAEpC,SAAK,IAAIC,CAAC,GAAG,CAAb,EAAgBA,CAAC,GAAGT,KAAK,CAACU,MAA1B,EAAkCD,CAAC,EAAnC,EAAuC;AACrC,UAAIE,OAAO,GAAGX,KAAK,CAACS,CAAD,CAAnB;AACA,UAAIG,OAAO,GAAG,KAAK3B,KAAL,CAAW0B,OAAX,EAAoB,GAAGH,IAAvB,CAAd;;AACA,UAAII,OAAO,KAAKD,OAAhB,EAAyB;AACvB;AACA,YAAIJ,MAAM,KAAKP,KAAf,EACEO,MAAM,GAAGP,KAAK,CAACa,KAAN,EAAT;AACFN,QAAAA,MAAM,CAACE,CAAD,CAAN,GAAYG,OAAZ;AACD;AACF;;AACD,WAAOL,MAAP;AACD,GAhBqB;AAiBtBhB,EAAAA,YAAY,EAAE1B,QAjBQ;AAkBtByB,EAAAA,YAAY,EAAEzB,QAlBQ;AAmBtB2B,EAAAA,QAAQ,EAAE3B,QAnBY;AAoBtB8B,EAAAA,WAAW,EAAE,UAASU,GAAT,EAAsB;AACjC;AACA,QAAIA,GAAG,CAACS,QAAJ,IAAgB,IAApB,EAAyB;AACvB,aAAOT,GAAP;AACD;;AAJgC,uCAALG,IAAK;AAALA,MAAAA,IAAK;AAAA;;AAKjC,QAAI,aAAaH,GAAjB,EAAsB;AACpBA,MAAAA,GAAG,CAACnB,OAAJ,GAAc,KAAKD,KAAL,CAAWoB,GAAG,CAACnB,OAAf,EAAwB,GAAGsB,IAA3B,CAAd;AACD;;AACD,QAAI,iBAAiBH,GAArB,EAAyB;AACvBA,MAAAA,GAAG,CAACU,WAAJ,GAAkB,KAAK9B,KAAL,CAAWoB,GAAG,CAACU,WAAf,EAA4B,GAAGP,IAA/B,CAAlB;AACD;;AACD,WAAOH,GAAP;AACD,GAhCqB;AAiCtBR,EAAAA,aAAa,EAAEhC,QAjCO;AAkCtBwB,EAAAA,QAAQ,EAAE,UAAUe,GAAV,EAAwB;AAChC,QAAIY,WAAW,GAAGZ,GAAG,CAACa,QAAtB;;AADgC,uCAANT,IAAM;AAANA,MAAAA,IAAM;AAAA;;AAEhC,QAAIU,WAAW,GAAG,KAAKC,aAAL,CAAmBH,WAAnB,EAAgC,GAAGR,IAAnC,CAAlB;AAEA,QAAIY,QAAQ,GAAGhB,GAAG,CAACiB,KAAnB;AACA,QAAIC,QAAQ,GAAG,KAAKC,eAAL,CAAqBH,QAArB,EAA+B,GAAGZ,IAAlC,CAAf;AAEA,QAAIc,QAAQ,KAAKF,QAAb,IAAyBF,WAAW,KAAKF,WAA7C,EACE,OAAOZ,GAAP;AAEF,QAAIoB,MAAM,GAAGjE,MAAM,CAAC6C,GAAG,CAACqB,OAAL,CAAN,CAAoB1C,KAApB,CAA0B,IAA1B,EAAgCmC,WAAhC,CAAb;AACAM,IAAAA,MAAM,CAACH,KAAP,GAAeC,QAAf;AACA,WAAOE,MAAP;AACD,GA/CqB;AAgDtBL,EAAAA,aAAa,EAAE,UAAUF,QAAV,EAA6B;AAAA,uCAANT,IAAM;AAANA,MAAAA,IAAM;AAAA;;AAC1C,WAAO,KAAKd,UAAL,CAAgBuB,QAAhB,EAA0B,GAAGT,IAA7B,CAAP;AACD,GAlDqB;AAmDtB;AACA;AACA;AACAe,EAAAA,eAAe,EAAE,UAAUF,KAAV,EAA0B;AAAA,uCAANb,IAAM;AAANA,MAAAA,IAAM;AAAA;;AACzC,QAAIlD,OAAO,CAAC+D,KAAD,CAAX,EAAoB;AAClB,UAAId,MAAM,GAAGc,KAAb;;AACA,WAAK,IAAIZ,CAAC,GAAG,CAAb,EAAgBA,CAAC,GAAGY,KAAK,CAACX,MAA1B,EAAkCD,CAAC,EAAnC,EAAuC;AACrC,YAAIE,OAAO,GAAGU,KAAK,CAACZ,CAAD,CAAnB;AACA,YAAIG,OAAO,GAAG,KAAKW,eAAL,CAAqBZ,OAArB,EAA8B,GAAGH,IAAjC,CAAd;;AACA,YAAII,OAAO,KAAKD,OAAhB,EAAyB;AACvB;AACA,cAAIJ,MAAM,KAAKc,KAAf,EACEd,MAAM,GAAGc,KAAK,CAACR,KAAN,EAAT;AACFN,UAAAA,MAAM,CAACE,CAAD,CAAN,GAAYG,OAAZ;AACD;AACF;;AACD,aAAOL,MAAP;AACD;;AAED,QAAIc,KAAK,IAAI7D,mBAAmB,CAAC6D,KAAD,CAAhC,EAAyC;AACvC,YAAM,IAAI5B,KAAJ,CAAU,oDACA,kDADA,GAEA,gCAFV,CAAN;AAGD;;AAED,QAAI2B,QAAQ,GAAGC,KAAf;AACA,QAAIC,QAAQ,GAAGF,QAAf;;AACA,QAAIA,QAAJ,EAAc;AACZ,UAAIM,QAAQ,GAAG,CAAC,IAAD,EAAO,IAAP,CAAf;AACAA,MAAAA,QAAQ,CAACC,IAAT,CAAc5C,KAAd,CAAoB2C,QAApB,EAA8B1C,SAA9B;;AACA,WAAK,IAAIV,CAAT,IAAc8C,QAAd,EAAwB;AACtB,YAAIQ,QAAQ,GAAGR,QAAQ,CAAC9C,CAAD,CAAvB;AACAoD,QAAAA,QAAQ,CAAC,CAAD,CAAR,GAAcpD,CAAd;AACAoD,QAAAA,QAAQ,CAAC,CAAD,CAAR,GAAcE,QAAd;AACA,YAAIC,QAAQ,GAAG,KAAKC,cAAL,CAAoB/C,KAApB,CAA0B,IAA1B,EAAgC2C,QAAhC,CAAf;;AACA,YAAIG,QAAQ,KAAKD,QAAjB,EAA2B;AACzB;AACA,cAAIN,QAAQ,KAAKF,QAAjB,EACEE,QAAQ,GAAGnD,OAAO,CAAC,EAAD,EAAKiD,QAAL,CAAlB;AACFE,UAAAA,QAAQ,CAAChD,CAAD,CAAR,GAAcuD,QAAd;AACD;AACF;AACF;;AAED,WAAOP,QAAP;AACD,GAhGqB;AAiGtB;AACA;AACAQ,EAAAA,cAAc,EAAE,UAAUC,IAAV,EAAgBC,KAAhB,EAAuB5B,GAAvB,EAAqC;AAAA,uCAANI,IAAM;AAANA,MAAAA,IAAM;AAAA;;AACnD,WAAO,KAAKvB,KAAL,CAAW+C,KAAX,EAAkB,GAAGxB,IAArB,CAAP;AACD;AArGqB,CAAxB;AAyGO,MAAM3D,aAAa,GAAGF,OAAO,CAACgC,MAAR,EAAtB;AACP9B,aAAa,CAAC4B,GAAd,CAAkB;AAChBU,EAAAA,SAAS,EAAE,UAAUW,eAAV,EAA2B;AACpC,WAAO,EAAP;AACD,GAHe;AAIhBF,EAAAA,cAAc,EAAE,UAAUG,qBAAV,EAAiC;AAC/C,QAAIkC,GAAG,GAAGC,MAAM,CAACnC,qBAAD,CAAhB;;AACA,QAAI,KAAKe,QAAL,KAAkB9D,QAAQ,CAACmF,MAA/B,EAAuC;AACrC,aAAOF,GAAG,CAACG,OAAJ,CAAY,IAAZ,EAAkB,OAAlB,EAA2BA,OAA3B,CAAmC,IAAnC,EAAyC,MAAzC,CAAP;AACD,KAFD,MAEO,IAAI,KAAKtB,QAAL,KAAkB9D,QAAQ,CAACqF,SAA/B,EAA0C;AAC/C;AACA,aAAOJ,GAAG,CAACG,OAAJ,CAAY,IAAZ,EAAkB,OAAlB,EAA2BA,OAA3B,CAAmC,IAAnC,EAAyC,QAAzC,CAAP;AACD,KAHM,MAGA;AACL,aAAOH,GAAP;AACD;AACF,GAde;AAehBvC,EAAAA,UAAU,EAAE,UAAUM,KAAV,EAAiB;AAC3B,QAAIsC,KAAK,GAAG,EAAZ;;AACA,SAAK,IAAI7B,CAAC,GAAG,CAAb,EAAgBA,CAAC,GAAGT,KAAK,CAACU,MAA1B,EAAkCD,CAAC,EAAnC,EACE6B,KAAK,CAACX,IAAN,CAAW,KAAK1C,KAAL,CAAWe,KAAK,CAACS,CAAD,CAAhB,CAAX;;AACF,WAAO6B,KAAK,CAACC,IAAN,CAAW,EAAX,CAAP;AACD,GApBe;AAqBhBhD,EAAAA,YAAY,EAAE,UAAUU,OAAV,EAAmB;AAC/B,UAAM,IAAIR,KAAJ,CAAU,2BAAV,CAAN;AACD,GAvBe;AAwBhBH,EAAAA,YAAY,EAAE,UAAUY,OAAV,EAAmB;AAC/B,QAAI,KAAKY,QAAL,KAAkB9D,QAAQ,CAACmF,MAA3B,IACA,KAAKrB,QAAL,KAAkB9D,QAAQ,CAACqF,SAD/B,EAC0C;AACxC,aAAOnC,OAAO,CAACsC,IAAf;AACD,KAHD,MAGO;AACL,aAAOtC,OAAO,CAAC+B,GAAf;AACD;AACF,GA/Be;AAgChBzC,EAAAA,QAAQ,EAAE,UAAUW,GAAV,EAAe;AACvB,WAAOA,GAAG,CAAC6B,KAAX;AACD,GAlCe;AAmChB3C,EAAAA,QAAQ,EAAE,UAAUe,GAAV,EAAe;AACvB;AACA;AACA;AACA;AACA;AACA;AACA;AACA,WAAO,KAAKnB,KAAL,CAAW,KAAKlC,MAAL,CAAYqD,GAAZ,CAAX,CAAP;AACD,GA5Ce;AA6ChBT,EAAAA,WAAW,EAAE,UAAU7B,CAAV,EAAa;AACxB,UAAM,IAAI2B,KAAJ,CAAU,4CAA4C3B,CAAtD,CAAN;AACD,GA/Ce;AAgDhBf,EAAAA,MAAM,EAAE,UAAU0F,IAAV,EAAgB;AACtB,WAAO1F,MAAM,CAAC0F,IAAD,CAAb;AACD;AAlDe,CAAlB;AAuDO,MAAM3F,aAAa,GAAGH,OAAO,CAACgC,MAAR,EAAtB;AACP7B,aAAa,CAAC2B,GAAd,CAAkB;AAChBU,EAAAA,SAAS,EAAE,UAAUW,eAAV,EAA2B;AACpC,WAAO,EAAP;AACD,GAHe;AAIhBF,EAAAA,cAAc,EAAE,UAAUG,qBAAV,EAAiC;AAC/C,QAAIkC,GAAG,GAAGC,MAAM,CAACnC,qBAAD,CAAhB;AACA,WAAOkC,GAAG,CAACG,OAAJ,CAAY,IAAZ,EAAkB,OAAlB,EAA2BA,OAA3B,CAAmC,IAAnC,EAAyC,MAAzC,CAAP;AACD,GAPe;AAQhB1C,EAAAA,UAAU,EAAE,UAAUM,KAAV,EAAiB;AAC3B,QAAIsC,KAAK,GAAG,EAAZ;;AACA,SAAK,IAAI7B,CAAC,GAAG,CAAb,EAAgBA,CAAC,GAAGT,KAAK,CAACU,MAA1B,EAAkCD,CAAC,EAAnC,EACE6B,KAAK,CAACX,IAAN,CAAW,KAAK1C,KAAL,CAAWe,KAAK,CAACS,CAAD,CAAhB,CAAX;;AACF,WAAO6B,KAAK,CAACC,IAAN,CAAW,EAAX,CAAP;AACD,GAbe;AAchBhD,EAAAA,YAAY,EAAE,UAAUU,OAAV,EAAmB;AAC/B,WAAO,SAASA,OAAO,CAACyC,cAAjB,GAAkC,KAAzC;AACD,GAhBe;AAiBhBpD,EAAAA,YAAY,EAAE,UAAUY,OAAV,EAAmB;AAC/B,WAAOA,OAAO,CAACsC,IAAf;AACD,GAnBe;AAoBhBhD,EAAAA,QAAQ,EAAE,UAAUW,GAAV,EAAe;AACvB,WAAOA,GAAG,CAAC6B,KAAX;AACD,GAtBe;AAuBhB3C,EAAAA,QAAQ,EAAE,UAAUe,GAAV,EAAe;AACvB,QAAIuC,QAAQ,GAAG,EAAf;AAEA,QAAIlB,OAAO,GAAGrB,GAAG,CAACqB,OAAlB;AACA,QAAIR,QAAQ,GAAGb,GAAG,CAACa,QAAnB;AAEA,QAAII,KAAK,GAAGjB,GAAG,CAACiB,KAAhB;;AACA,QAAIA,KAAJ,EAAW;AACTA,MAAAA,KAAK,GAAG5D,iBAAiB,CAAC4D,KAAD,CAAzB;;AACA,WAAK,IAAI/C,CAAT,IAAc+C,KAAd,EAAqB;AACnB,YAAI/C,CAAC,KAAK,OAAN,IAAiBmD,OAAO,KAAK,UAAjC,EAA6C;AAC3CR,UAAAA,QAAQ,GAAG,CAACI,KAAK,CAAC/C,CAAD,CAAN,EAAW2C,QAAX,CAAX;AACD,SAFD,MAEO;AACL,cAAIrD,CAAC,GAAG,KAAKX,MAAL,CAAYoE,KAAK,CAAC/C,CAAD,CAAjB,EAAsBtB,QAAQ,CAACqF,SAA/B,CAAR;AACAM,UAAAA,QAAQ,CAAChB,IAAT,CAAc,MAAMrD,CAAN,GAAU,IAAV,GAAiBV,CAAjB,GAAqB,GAAnC;AACD;AACF;AACF;;AAED,QAAIgF,QAAQ,GAAG,MAAMnB,OAAN,GAAgBkB,QAAQ,CAACJ,IAAT,CAAc,EAAd,CAAhB,GAAoC,GAAnD;AAEA,QAAIM,SAAS,GAAG,EAAhB;AACA,QAAI3D,OAAJ;;AACA,QAAIuC,OAAO,KAAK,UAAhB,EAA4B;AAE1B,WAAK,IAAIhB,CAAC,GAAG,CAAb,EAAgBA,CAAC,GAAGQ,QAAQ,CAACP,MAA7B,EAAqCD,CAAC,EAAtC,EACEoC,SAAS,CAAClB,IAAV,CAAe,KAAK1E,MAAL,CAAYgE,QAAQ,CAACR,CAAD,CAApB,EAAyBzD,QAAQ,CAACmF,MAAlC,CAAf;;AAEFjD,MAAAA,OAAO,GAAG2D,SAAS,CAACN,IAAV,CAAe,EAAf,CAAV;AACA,UAAIrD,OAAO,CAAC2B,KAAR,CAAc,CAAd,EAAiB,CAAjB,MAAwB,IAA5B,EACE;AACA;AACA3B,QAAAA,OAAO,GAAG,OAAOA,OAAjB;AAEH,KAXD,MAWO;AACL,WAAK,IAAIuB,CAAC,GAAG,CAAb,EAAgBA,CAAC,GAAGQ,QAAQ,CAACP,MAA7B,EAAqCD,CAAC,EAAtC,EACEoC,SAAS,CAAClB,IAAV,CAAe,KAAK1C,KAAL,CAAWgC,QAAQ,CAACR,CAAD,CAAnB,CAAf;;AAEFvB,MAAAA,OAAO,GAAG2D,SAAS,CAACN,IAAV,CAAe,EAAf,CAAV;AACD;;AAED,QAAIhC,MAAM,GAAGqC,QAAQ,GAAG1D,OAAxB;;AAEA,QAAI+B,QAAQ,CAACP,MAAT,IAAmB,CAAEhD,aAAa,CAAC+D,OAAD,CAAtC,EAAiD;AAC/C;AACA;AACA;AACAlB,MAAAA,MAAM,IAAI,OAAOkB,OAAP,GAAiB,GAA3B;AACD;;AAED,WAAOlB,MAAP;AACD,GA1Ee;AA2EhBZ,EAAAA,WAAW,EAAE,UAAU7B,CAAV,EAAa;AACxB,UAAM,IAAI2B,KAAJ,CAAU,4CAA4C3B,CAAtD,CAAN;AACD,GA7Ee;AA8EhBb,EAAAA,MAAM,EAAE,UAAUwF,IAAV,EAAgB3B,QAAhB,EAA0B;AAChC,WAAO7D,MAAM,CAACwF,IAAD,EAAO3B,QAAP,CAAb;AACD;AAhFe,CAAlB,E,CAqFA;;AAEO,SAAS/D,MAAT,CAAgBmC,OAAhB,EAAyB;AAC9B,SAAQ,IAAIpC,aAAJ,EAAD,CAAoBmC,KAApB,CAA0BC,OAA1B,CAAP;AACD;;AAGM,MAAMlC,QAAQ,GAAG;AACtB8F,EAAAA,MAAM,EAAE,CADc;AAEtBX,EAAAA,MAAM,EAAE,CAFc;AAGtBE,EAAAA,SAAS,EAAE;AAHW,CAAjB;;AAOA,SAASpF,MAAT,CAAgBiC,OAAhB,EAAyB4B,QAAzB,EAAmC;AACxC,MAAI,CAAEA,QAAN,EACE,MAAM,IAAIrB,KAAJ,CAAU,mCAAV,CAAN;AACF,MAAI,EAAGqB,QAAQ,KAAK9D,QAAQ,CAAC8F,MAAtB,IACAhC,QAAQ,KAAK9D,QAAQ,CAACmF,MADtB,IAEArB,QAAQ,KAAK9D,QAAQ,CAACqF,SAFzB,CAAJ,EAGE,MAAM,IAAI5C,KAAJ,CAAU,uBAAuBqB,QAAjC,CAAN;AAEF,MAAIiC,OAAO,GAAG,IAAIlG,aAAJ,CAAkB;AAACiE,IAAAA,QAAQ,EAAEA;AAAX,GAAlB,CAAd;AACA,SAAOiC,OAAO,CAAC9D,KAAR,CAAcC,OAAd,CAAP;AACD","sourcesContent":["import {\n  Tag,\n  CharRef,\n  Comment,\n  Raw,\n  isArray,\n  getTag,\n  isConstructedObject,\n  flattenAttributes,\n  isVoidElement,\n} from './html';\n\n\nvar IDENTITY = function (x) { return x; };\n\n// _assign is like _.extend or the upcoming Object.assign.\n// Copy src's own, enumerable properties onto tgt and return\n// tgt.\nvar _hasOwnProperty = Object.prototype.hasOwnProperty;\nvar _assign = function (tgt, src) {\n  for (var k in src) {\n    if (_hasOwnProperty.call(src, k))\n      tgt[k] = src[k];\n  }\n  return tgt;\n};\n\nexport const Visitor = function (props) {\n  _assign(this, props);\n};\n\nVisitor.def = function (options) {\n  _assign(this.prototype, options);\n};\n\nVisitor.extend = function (options) {\n  var curType = this;\n  var subType = function HTMLVisitorSubtype(/*arguments*/) {\n    Visitor.apply(this, arguments);\n  };\n  subType.prototype = new curType;\n  subType.extend = curType.extend;\n  subType.def = curType.def;\n  if (options)\n    _assign(subType.prototype, options);\n  return subType;\n};\n\nVisitor.def({\n  visit: function (content/*, ...*/) {\n    if (content == null)\n      // null or undefined.\n      return this.visitNull.apply(this, arguments);\n\n    if (typeof content === 'object') {\n      if (content.htmljsType) {\n        switch (content.htmljsType) {\n        case Tag.htmljsType:\n          return this.visitTag.apply(this, arguments);\n        case CharRef.htmljsType:\n          return this.visitCharRef.apply(this, arguments);\n        case Comment.htmljsType:\n          return this.visitComment.apply(this, arguments);\n        case Raw.htmljsType:\n          return this.visitRaw.apply(this, arguments);\n        default:\n          throw new Error(\"Unknown htmljs type: \" + content.htmljsType);\n        }\n      }\n\n      if (isArray(content))\n        return this.visitArray.apply(this, arguments);\n\n      return this.visitObject.apply(this, arguments);\n\n    } else if ((typeof content === 'string') ||\n               (typeof content === 'boolean') ||\n               (typeof content === 'number')) {\n      return this.visitPrimitive.apply(this, arguments);\n\n    } else if (typeof content === 'function') {\n      return this.visitFunction.apply(this, arguments);\n    }\n\n    throw new Error(\"Unexpected object in htmljs: \" + content);\n\n  },\n  visitNull: function (nullOrUndefined/*, ...*/) {},\n  visitPrimitive: function (stringBooleanOrNumber/*, ...*/) {},\n  visitArray: function (array/*, ...*/) {},\n  visitComment: function (comment/*, ...*/) {},\n  visitCharRef: function (charRef/*, ...*/) {},\n  visitRaw: function (raw/*, ...*/) {},\n  visitTag: function (tag/*, ...*/) {},\n  visitObject: function (obj/*, ...*/) {\n    throw new Error(\"Unexpected object in htmljs: \" + obj);\n  },\n  visitFunction: function (fn/*, ...*/) {\n    throw new Error(\"Unexpected function in htmljs: \" + fn);\n  }\n});\n\nexport const TransformingVisitor = Visitor.extend();\nTransformingVisitor.def({\n  visitNull: IDENTITY,\n  visitPrimitive: IDENTITY,\n  visitArray: function (array, ...args) {\n    var result = array;\n    for (var i = 0; i < array.length; i++) {\n      var oldItem = array[i];\n      var newItem = this.visit(oldItem, ...args);\n      if (newItem !== oldItem) {\n        // copy `array` on write\n        if (result === array)\n          result = array.slice();\n        result[i] = newItem;\n      }\n    }\n    return result;\n  },\n  visitComment: IDENTITY,\n  visitCharRef: IDENTITY,\n  visitRaw: IDENTITY,\n  visitObject: function(obj, ...args){\n    // Don't parse Markdown & RCData as HTML\n    if (obj.textMode != null){\n      return obj;\n    }\n    if ('content' in obj) {\n      obj.content = this.visit(obj.content, ...args);\n    }\n    if ('elseContent' in obj){\n      obj.elseContent = this.visit(obj.elseContent, ...args);\n    }\n    return obj;\n  },\n  visitFunction: IDENTITY,\n  visitTag: function (tag, ...args) {\n    var oldChildren = tag.children;\n    var newChildren = this.visitChildren(oldChildren, ...args);\n\n    var oldAttrs = tag.attrs;\n    var newAttrs = this.visitAttributes(oldAttrs, ...args);\n\n    if (newAttrs === oldAttrs && newChildren === oldChildren)\n      return tag;\n\n    var newTag = getTag(tag.tagName).apply(null, newChildren);\n    newTag.attrs = newAttrs;\n    return newTag;\n  },\n  visitChildren: function (children, ...args) {\n    return this.visitArray(children, ...args);\n  },\n  // Transform the `.attrs` property of a tag, which may be a dictionary,\n  // an array, or in some uses, a foreign object (such as\n  // a template tag).\n  visitAttributes: function (attrs, ...args) {\n    if (isArray(attrs)) {\n      var result = attrs;\n      for (var i = 0; i < attrs.length; i++) {\n        var oldItem = attrs[i];\n        var newItem = this.visitAttributes(oldItem, ...args);\n        if (newItem !== oldItem) {\n          // copy on write\n          if (result === attrs)\n            result = attrs.slice();\n          result[i] = newItem;\n        }\n      }\n      return result;\n    }\n\n    if (attrs && isConstructedObject(attrs)) {\n      throw new Error(\"The basic TransformingVisitor does not support \" +\n                      \"foreign objects in attributes.  Define a custom \" +\n                      \"visitAttributes for this case.\");\n    }\n\n    var oldAttrs = attrs;\n    var newAttrs = oldAttrs;\n    if (oldAttrs) {\n      var attrArgs = [null, null];\n      attrArgs.push.apply(attrArgs, arguments);\n      for (var k in oldAttrs) {\n        var oldValue = oldAttrs[k];\n        attrArgs[0] = k;\n        attrArgs[1] = oldValue;\n        var newValue = this.visitAttribute.apply(this, attrArgs);\n        if (newValue !== oldValue) {\n          // copy on write\n          if (newAttrs === oldAttrs)\n            newAttrs = _assign({}, oldAttrs);\n          newAttrs[k] = newValue;\n        }\n      }\n    }\n\n    return newAttrs;\n  },\n  // Transform the value of one attribute name/value in an\n  // attributes dictionary.\n  visitAttribute: function (name, value, tag, ...args) {\n    return this.visit(value, ...args);\n  }\n});\n\n\nexport const ToTextVisitor = Visitor.extend();\nToTextVisitor.def({\n  visitNull: function (nullOrUndefined) {\n    return '';\n  },\n  visitPrimitive: function (stringBooleanOrNumber) {\n    var str = String(stringBooleanOrNumber);\n    if (this.textMode === TEXTMODE.RCDATA) {\n      return str.replace(/&/g, '&amp;').replace(/</g, '&lt;');\n    } else if (this.textMode === TEXTMODE.ATTRIBUTE) {\n      // escape `&` and `\"` this time, not `&` and `<`\n      return str.replace(/&/g, '&amp;').replace(/\"/g, '&quot;');\n    } else {\n      return str;\n    }\n  },\n  visitArray: function (array) {\n    var parts = [];\n    for (var i = 0; i < array.length; i++)\n      parts.push(this.visit(array[i]));\n    return parts.join('');\n  },\n  visitComment: function (comment) {\n    throw new Error(\"Can't have a comment here\");\n  },\n  visitCharRef: function (charRef) {\n    if (this.textMode === TEXTMODE.RCDATA ||\n        this.textMode === TEXTMODE.ATTRIBUTE) {\n      return charRef.html;\n    } else {\n      return charRef.str;\n    }\n  },\n  visitRaw: function (raw) {\n    return raw.value;\n  },\n  visitTag: function (tag) {\n    // Really we should just disallow Tags here.  However, at the\n    // moment it's useful to stringify any HTML we find.  In\n    // particular, when you include a template within `{{#markdown}}`,\n    // we render the template as text, and since there's currently\n    // no way to make the template be *parsed* as text (e.g. `<template\n    // type=\"text\">`), we hackishly support HTML tags in markdown\n    // in templates by parsing them and stringifying them.\n    return this.visit(this.toHTML(tag));\n  },\n  visitObject: function (x) {\n    throw new Error(\"Unexpected object in htmljs in toText: \" + x);\n  },\n  toHTML: function (node) {\n    return toHTML(node);\n  }\n});\n\n\n\nexport const ToHTMLVisitor = Visitor.extend();\nToHTMLVisitor.def({\n  visitNull: function (nullOrUndefined) {\n    return '';\n  },\n  visitPrimitive: function (stringBooleanOrNumber) {\n    var str = String(stringBooleanOrNumber);\n    return str.replace(/&/g, '&amp;').replace(/</g, '&lt;');\n  },\n  visitArray: function (array) {\n    var parts = [];\n    for (var i = 0; i < array.length; i++)\n      parts.push(this.visit(array[i]));\n    return parts.join('');\n  },\n  visitComment: function (comment) {\n    return '<!--' + comment.sanitizedValue + '-->';\n  },\n  visitCharRef: function (charRef) {\n    return charRef.html;\n  },\n  visitRaw: function (raw) {\n    return raw.value;\n  },\n  visitTag: function (tag) {\n    var attrStrs = [];\n\n    var tagName = tag.tagName;\n    var children = tag.children;\n\n    var attrs = tag.attrs;\n    if (attrs) {\n      attrs = flattenAttributes(attrs);\n      for (var k in attrs) {\n        if (k === 'value' && tagName === 'textarea') {\n          children = [attrs[k], children];\n        } else {\n          var v = this.toText(attrs[k], TEXTMODE.ATTRIBUTE);\n          attrStrs.push(' ' + k + '=\"' + v + '\"');\n        }\n      }\n    }\n\n    var startTag = '<' + tagName + attrStrs.join('') + '>';\n\n    var childStrs = [];\n    var content;\n    if (tagName === 'textarea') {\n\n      for (var i = 0; i < children.length; i++)\n        childStrs.push(this.toText(children[i], TEXTMODE.RCDATA));\n\n      content = childStrs.join('');\n      if (content.slice(0, 1) === '\\n')\n        // TEXTAREA will absorb a newline, so if we see one, add\n        // another one.\n        content = '\\n' + content;\n\n    } else {\n      for (var i = 0; i < children.length; i++)\n        childStrs.push(this.visit(children[i]));\n\n      content = childStrs.join('');\n    }\n\n    var result = startTag + content;\n\n    if (children.length || ! isVoidElement(tagName)) {\n      // \"Void\" elements like BR are the only ones that don't get a close\n      // tag in HTML5.  They shouldn't have contents, either, so we could\n      // throw an error upon seeing contents here.\n      result += '</' + tagName + '>';\n    }\n\n    return result;\n  },\n  visitObject: function (x) {\n    throw new Error(\"Unexpected object in htmljs in toHTML: \" + x);\n  },\n  toText: function (node, textMode) {\n    return toText(node, textMode);\n  }\n});\n\n\n\n////////////////////////////// TOHTML\n\nexport function toHTML(content) {\n  return (new ToHTMLVisitor).visit(content);\n}\n\n// Escaping modes for outputting text when generating HTML.\nexport const TEXTMODE = {\n  STRING: 1,\n  RCDATA: 2,\n  ATTRIBUTE: 3\n};\n\n\nexport function toText(content, textMode) {\n  if (! textMode)\n    throw new Error(\"textMode required for HTML.toText\");\n  if (! (textMode === TEXTMODE.STRING ||\n         textMode === TEXTMODE.RCDATA ||\n         textMode === TEXTMODE.ATTRIBUTE))\n    throw new Error(\"Unknown textMode: \" + textMode);\n\n  var visitor = new ToTextVisitor({textMode: textMode});\n  return visitor.visit(content);\n}\n"]},"sourceType":"module","hash":"6ef5b27888efad499f030d62d1761af77a858272"}
