{"metadata":{},"options":{"assumptions":{},"compact":false,"sourceMaps":true,"ast":true,"babelrc":false,"configFile":false,"parserOpts":{"sourceType":"module","sourceFileName":"C:\\Users\\andrejs\\Documents\\99_LU\\viziquer\\git\\viziquer-dss\\packages\\html-tools\\templatetag.js","plugins":["*","flow","jsx","asyncGenerators","bigInt","classPrivateMethods","classPrivateProperties","classProperties","doExpressions","dynamicImport","exportDefaultFrom","exportExtensions","exportNamespaceFrom","functionBind","functionSent","importMeta","nullishCoalescingOperator","numericSeparator","objectRestSpread","optionalCatchBinding","optionalChaining",["pipelineOperator",{"proposal":"minimal"}],"throwExpressions","classProperties","classPrivateProperties","jsx","nullishCoalescingOperator","nullishCoalescingOperator","optionalChaining","optionalChaining","optionalCatchBinding","optionalCatchBinding","classProperties","classPrivateProperties","classPrivateMethods","classProperties","classPrivateProperties","asyncGenerators","asyncGenerators","objectRestSpread","objectRestSpread"],"allowImportExportEverywhere":true,"allowReturnOutsideFunction":true,"allowUndeclaredExports":true,"strictMode":false},"caller":{"name":"meteor","arch":"web.browser"},"sourceFileName":"packages/html-tools/templatetag.js","filename":"C:\\Users\\andrejs\\Documents\\99_LU\\viziquer\\git\\viziquer-dss\\packages\\html-tools\\templatetag.js","targets":{},"cloneInputAst":true,"browserslistConfigFile":false,"passPerPreset":false,"envName":"development","cwd":"C:\\Users\\andrejs\\Documents\\99_LU\\viziquer\\git\\viziquer-dss","root":"C:\\Users\\andrejs\\Documents\\99_LU\\viziquer\\git\\viziquer-dss","rootMode":"root","plugins":[{"key":"base$0","visitor":{"_exploded":true,"_verified":true},"options":{}},{"key":"base$0$0","visitor":{"Program":{"enter":[null],"exit":[null]},"_exploded":true,"_verified":true},"options":{"avoidModernSyntax":false,"enforceStrictMode":false,"dynamicImport":true,"generateLetDeclarations":true}},{"key":"transform-runtime","visitor":{"MemberExpression":{"enter":[null]},"ObjectPattern":{"enter":[null]},"BinaryExpression":{"enter":[null]},"_exploded":{},"_verified":{},"Identifier":{"enter":[null]},"JSXIdentifier":{"enter":[null]}},"options":{"version":"7.13.10","helpers":true,"useESModules":false,"corejs":false}},{"key":"proposal-class-properties","visitor":{"PrivateName":{"enter":[null]},"ExportDefaultDeclaration":{"enter":[null]},"_exploded":true,"_verified":true,"ClassExpression":{"enter":[null]},"ClassDeclaration":{"enter":[null]}},"options":{"loose":true}},{"key":"transform-react-jsx","visitor":{"_exploded":{},"_verified":{},"JSXNamespacedName":{"enter":[null]},"JSXSpreadChild":{"enter":[null]},"Program":{"enter":[null]},"JSXElement":{"exit":[null]},"JSXFragment":{"exit":[null]},"JSXAttribute":{"enter":[null]}},"options":{"pragma":"React.createElement","pragmaFrag":"React.Fragment","runtime":"classic","throwIfNamespace":true,"useBuiltIns":false}},{"key":"transform-react-display-name","visitor":{"ExportDefaultDeclaration":{"enter":[null]},"CallExpression":{"enter":[null]},"_exploded":true,"_verified":true},"options":{}},{"key":"transform-react-pure-annotations","visitor":{"CallExpression":{"enter":[null]},"_exploded":true,"_verified":true},"options":{}},{"key":"syntax-nullish-coalescing-operator","visitor":{"_exploded":true,"_verified":true},"options":{}},{"key":"proposal-nullish-coalescing-operator","visitor":{"_exploded":{},"_verified":{},"LogicalExpression":{"enter":[null]}},"options":{}},{"key":"syntax-optional-chaining","visitor":{"_exploded":true,"_verified":true},"options":{}},{"key":"proposal-optional-chaining","visitor":{"_exploded":{},"_verified":{},"OptionalCallExpression":{"enter":[null]},"OptionalMemberExpression":{"enter":[null]}},"options":{}},{"key":"syntax-optional-catch-binding","visitor":{"_exploded":true,"_verified":true},"options":{}},{"key":"proposal-optional-catch-binding","visitor":{"_exploded":{},"_verified":{},"CatchClause":{"enter":[null]}},"options":{}},{"key":"syntax-class-properties","visitor":{"_exploded":true,"_verified":true},"options":{}},{"key":"proposal-class-properties","visitor":{"PrivateName":{"enter":[null]},"ExportDefaultDeclaration":{"enter":[null]},"_exploded":true,"_verified":true,"ClassExpression":{"enter":[null]},"ClassDeclaration":{"enter":[null]}},"options":{}},{"key":"syntax-async-generators","visitor":{"_exploded":true,"_verified":true},"options":{}},{"key":"proposal-async-generator-functions","visitor":{"_exploded":{},"_verified":{},"Program":{"enter":[null]}},"options":{}},{"key":"syntax-object-rest-spread","visitor":{"_exploded":true,"_verified":true},"options":{}},{"key":"proposal-object-rest-spread","visitor":{"_exploded":{},"_verified":{},"VariableDeclarator":{"enter":[null]},"ExportNamedDeclaration":{"enter":[null]},"CatchClause":{"enter":[null]},"AssignmentExpression":{"enter":[null]},"ArrayPattern":{"enter":[null]},"ObjectExpression":{"enter":[null]},"FunctionDeclaration":{"enter":[null]},"FunctionExpression":{"enter":[null]},"ObjectMethod":{"enter":[null]},"ArrowFunctionExpression":{"enter":[null]},"ClassMethod":{"enter":[null]},"ClassPrivateMethod":{"enter":[null]},"ForInStatement":{"enter":[null]},"ForOfStatement":{"enter":[null]}},"options":{}},{"key":"transform-literals","visitor":{"NumericLiteral":{"enter":[null]},"StringLiteral":{"enter":[null]},"_exploded":true,"_verified":true},"options":{}},{"key":"transform-template-literals","visitor":{"TaggedTemplateExpression":{"enter":[null]},"TemplateLiteral":{"enter":[null]},"_exploded":true,"_verified":true},"options":{}},{"key":"transform-parameters","visitor":{"_exploded":true,"_verified":true,"FunctionDeclaration":{"enter":[null]},"FunctionExpression":{"enter":[null]},"ObjectMethod":{"enter":[null]},"ArrowFunctionExpression":{"enter":[null]},"ClassMethod":{"enter":[null]},"ClassPrivateMethod":{"enter":[null]}},"options":{}},{"key":"transform-exponentiation-operator","visitor":{"AssignmentExpression":{"enter":[null]},"BinaryExpression":{"enter":[null]},"_exploded":true,"_verified":true},"options":{}}],"presets":[],"generatorOpts":{"filename":"C:\\Users\\andrejs\\Documents\\99_LU\\viziquer\\git\\viziquer-dss\\packages\\html-tools\\templatetag.js","comments":true,"compact":false,"sourceMaps":true,"sourceFileName":"packages/html-tools/templatetag.js"}},"code":"module.export({\n  TemplateTag: () => TemplateTag\n});\n// _assign is like _.extend or the upcoming Object.assign.\n// Copy src's own, enumerable properties onto tgt and return\n// tgt.\nvar _hasOwnProperty = Object.prototype.hasOwnProperty;\n\nvar _assign = function (tgt, src) {\n  for (var k in src) {\n    if (_hasOwnProperty.call(src, k)) tgt[k] = src[k];\n  }\n\n  return tgt;\n};\n\nfunction TemplateTag(props) {\n  if (!(this instanceof TemplateTag)) // called without `new`\n    return new TemplateTag();\n  if (props) _assign(this, props);\n}\n\n_assign(TemplateTag.prototype, {\n  constructorName: 'TemplateTag',\n  toJS: function (visitor) {\n    return visitor.generateCall(this.constructorName, _assign({}, this));\n  }\n});","map":{"version":3,"sources":["packages/html-tools/templatetag.js"],"names":["module","export","TemplateTag","_hasOwnProperty","Object","prototype","hasOwnProperty","_assign","tgt","src","k","call","props","constructorName","toJS","visitor","generateCall"],"mappings":"AAAAA,MAAM,CAACC,MAAP,CAAc;AAACC,EAAAA,WAAW,EAAC,MAAIA;AAAjB,CAAd;AAAA;AACA;AACA;AACA,IAAIC,eAAe,GAAGC,MAAM,CAACC,SAAP,CAAiBC,cAAvC;;AACA,IAAIC,OAAO,GAAG,UAAUC,GAAV,EAAeC,GAAf,EAAoB;AAChC,OAAK,IAAIC,CAAT,IAAcD,GAAd,EAAmB;AACjB,QAAIN,eAAe,CAACQ,IAAhB,CAAqBF,GAArB,EAA0BC,CAA1B,CAAJ,EACEF,GAAG,CAACE,CAAD,CAAH,GAASD,GAAG,CAACC,CAAD,CAAZ;AACH;;AACD,SAAOF,GAAP;AACD,CAND;;AASO,SAASN,WAAT,CAAsBU,KAAtB,EAA6B;AAClC,MAAI,EAAG,gBAAgBV,WAAnB,CAAJ,EACE;AACA,WAAO,IAAIA,WAAJ,EAAP;AAEF,MAAIU,KAAJ,EACEL,OAAO,CAAC,IAAD,EAAOK,KAAP,CAAP;AACH;;AAEDL,OAAO,CAACL,WAAW,CAACG,SAAb,EAAwB;AAC7BQ,EAAAA,eAAe,EAAE,aADY;AAE7BC,EAAAA,IAAI,EAAE,UAAUC,OAAV,EAAmB;AACvB,WAAOA,OAAO,CAACC,YAAR,CAAqB,KAAKH,eAA1B,EACqBN,OAAO,CAAC,EAAD,EAAK,IAAL,CAD5B,CAAP;AAED;AAL4B,CAAxB,CAAP","sourcesContent":["// _assign is like _.extend or the upcoming Object.assign.\n// Copy src's own, enumerable properties onto tgt and return\n// tgt.\nvar _hasOwnProperty = Object.prototype.hasOwnProperty;\nvar _assign = function (tgt, src) {\n  for (var k in src) {\n    if (_hasOwnProperty.call(src, k))\n      tgt[k] = src[k];\n  }\n  return tgt;\n};\n\n\nexport function TemplateTag (props) {\n  if (! (this instanceof TemplateTag))\n    // called without `new`\n    return new TemplateTag;\n\n  if (props)\n    _assign(this, props);\n}\n\n_assign(TemplateTag.prototype, {\n  constructorName: 'TemplateTag',\n  toJS: function (visitor) {\n    return visitor.generateCall(this.constructorName,\n                                _assign({}, this));\n  }\n});\n"]},"sourceType":"module","hash":"8c6b4cf0ac17a7e06d97e4a95380eca12dac994d"}
