{"metadata":{},"options":{"assumptions":{},"compact":false,"sourceMaps":true,"ast":true,"babelrc":false,"configFile":false,"parserOpts":{"sourceType":"module","sourceFileName":"C:\\Users\\andrejs\\Documents\\99_LU\\viziquer\\git\\viziquer-dss\\packages\\ordered-dict\\ordered_dict.js","plugins":["*","flow","jsx","asyncGenerators","bigInt","classPrivateMethods","classPrivateProperties","classProperties","doExpressions","dynamicImport","exportDefaultFrom","exportExtensions","exportNamespaceFrom","functionBind","functionSent","importMeta","nullishCoalescingOperator","numericSeparator","objectRestSpread","optionalCatchBinding","optionalChaining",["pipelineOperator",{"proposal":"minimal"}],"throwExpressions","objectRestSpread","objectRestSpread","asyncGenerators","classProperties","classPrivateProperties","jsx","nullishCoalescingOperator","nullishCoalescingOperator","optionalChaining","optionalChaining","optionalCatchBinding","optionalCatchBinding","classProperties","classPrivateProperties","classPrivateMethods","classProperties","classPrivateProperties","asyncGenerators","asyncGenerators","objectRestSpread","objectRestSpread"],"allowImportExportEverywhere":true,"allowReturnOutsideFunction":true,"allowUndeclaredExports":true,"strictMode":false},"caller":{"name":"meteor","arch":"os.windows.x86_64"},"sourceFileName":"packages/ordered-dict/ordered_dict.js","filename":"C:\\Users\\andrejs\\Documents\\99_LU\\viziquer\\git\\viziquer-dss\\packages\\ordered-dict\\ordered_dict.js","targets":{},"cloneInputAst":true,"browserslistConfigFile":false,"passPerPreset":false,"envName":"development","cwd":"C:\\Users\\andrejs\\Documents\\99_LU\\viziquer\\git\\viziquer-dss","root":"C:\\Users\\andrejs\\Documents\\99_LU\\viziquer\\git\\viziquer-dss","rootMode":"root","plugins":[{"key":"base$0","visitor":{"_exploded":true,"_verified":true},"options":{}},{"key":"base$0$0","visitor":{"Program":{"enter":[null],"exit":[null]},"_exploded":true,"_verified":true},"options":{"avoidModernSyntax":false,"enforceStrictMode":false,"dynamicImport":true,"generateLetDeclarations":true}},{"key":"transform-runtime","visitor":{"MemberExpression":{"enter":[null]},"ObjectPattern":{"enter":[null]},"BinaryExpression":{"enter":[null]},"_exploded":{},"_verified":{},"Identifier":{"enter":[null]},"JSXIdentifier":{"enter":[null]}},"options":{"version":"7.13.10","helpers":true,"useESModules":false,"corejs":false}},{"key":"syntax-object-rest-spread","visitor":{"_exploded":true,"_verified":true},"options":{}},{"key":"proposal-object-rest-spread","visitor":{"_exploded":{},"_verified":{},"VariableDeclarator":{"enter":[null]},"ExportNamedDeclaration":{"enter":[null]},"CatchClause":{"enter":[null]},"AssignmentExpression":{"enter":[null]},"ArrayPattern":{"enter":[null]},"ObjectExpression":{"enter":[null]},"FunctionDeclaration":{"enter":[null]},"FunctionExpression":{"enter":[null]},"ObjectMethod":{"enter":[null]},"ArrowFunctionExpression":{"enter":[null]},"ClassMethod":{"enter":[null]},"ClassPrivateMethod":{"enter":[null]},"ForInStatement":{"enter":[null]},"ForOfStatement":{"enter":[null]}},"options":{}},{"key":"transform-meteor-async-await","visitor":{"AwaitExpression":{"enter":[null]},"_exploded":true,"_verified":true,"FunctionDeclaration":{"exit":[null]},"FunctionExpression":{"exit":[null]},"ObjectMethod":{"exit":[null]},"ArrowFunctionExpression":{"exit":[null]},"ClassMethod":{"exit":[null]},"ClassPrivateMethod":{"exit":[null]}},"options":{"useNativeAsyncAwait":false}},{"key":"proposal-async-generator-functions","visitor":{"_exploded":{},"_verified":{},"Program":{"enter":[null]}},"options":{}},{"key":"proposal-class-properties","visitor":{"PrivateName":{"enter":[null]},"ExportDefaultDeclaration":{"enter":[null]},"_exploded":true,"_verified":true,"ClassExpression":{"enter":[null]},"ClassDeclaration":{"enter":[null]}},"options":{"loose":true}},{"key":"transform-react-jsx","visitor":{"_exploded":{},"_verified":{},"JSXNamespacedName":{"enter":[null]},"JSXSpreadChild":{"enter":[null]},"Program":{"enter":[null]},"JSXElement":{"exit":[null]},"JSXFragment":{"exit":[null]},"JSXAttribute":{"enter":[null]}},"options":{"pragma":"React.createElement","pragmaFrag":"React.Fragment","runtime":"classic","throwIfNamespace":true,"useBuiltIns":false}},{"key":"transform-react-display-name","visitor":{"ExportDefaultDeclaration":{"enter":[null]},"CallExpression":{"enter":[null]},"_exploded":true,"_verified":true},"options":{}},{"key":"transform-react-pure-annotations","visitor":{"CallExpression":{"enter":[null]},"_exploded":true,"_verified":true},"options":{}},{"key":"syntax-nullish-coalescing-operator","visitor":{"_exploded":true,"_verified":true},"options":{}},{"key":"proposal-nullish-coalescing-operator","visitor":{"_exploded":{},"_verified":{},"LogicalExpression":{"enter":[null]}},"options":{}},{"key":"syntax-optional-chaining","visitor":{"_exploded":true,"_verified":true},"options":{}},{"key":"proposal-optional-chaining","visitor":{"_exploded":{},"_verified":{},"OptionalCallExpression":{"enter":[null]},"OptionalMemberExpression":{"enter":[null]}},"options":{}},{"key":"syntax-optional-catch-binding","visitor":{"_exploded":true,"_verified":true},"options":{}},{"key":"proposal-optional-catch-binding","visitor":{"_exploded":{},"_verified":{},"CatchClause":{"enter":[null]}},"options":{}},{"key":"syntax-class-properties","visitor":{"_exploded":true,"_verified":true},"options":{}},{"key":"proposal-class-properties","visitor":{"PrivateName":{"enter":[null]},"ExportDefaultDeclaration":{"enter":[null]},"_exploded":true,"_verified":true,"ClassExpression":{"enter":[null]},"ClassDeclaration":{"enter":[null]}},"options":{}},{"key":"syntax-async-generators","visitor":{"_exploded":true,"_verified":true},"options":{}},{"key":"proposal-async-generator-functions","visitor":{"_exploded":{},"_verified":{},"Program":{"enter":[null]}},"options":{}},{"key":"syntax-object-rest-spread","visitor":{"_exploded":true,"_verified":true},"options":{}},{"key":"proposal-object-rest-spread","visitor":{"_exploded":{},"_verified":{},"VariableDeclarator":{"enter":[null]},"ExportNamedDeclaration":{"enter":[null]},"CatchClause":{"enter":[null]},"AssignmentExpression":{"enter":[null]},"ArrayPattern":{"enter":[null]},"ObjectExpression":{"enter":[null]},"FunctionDeclaration":{"enter":[null]},"FunctionExpression":{"enter":[null]},"ObjectMethod":{"enter":[null]},"ArrowFunctionExpression":{"enter":[null]},"ClassMethod":{"enter":[null]},"ClassPrivateMethod":{"enter":[null]},"ForInStatement":{"enter":[null]},"ForOfStatement":{"enter":[null]}},"options":{}},{"key":"transform-literals","visitor":{"NumericLiteral":{"enter":[null]},"StringLiteral":{"enter":[null]},"_exploded":true,"_verified":true},"options":{}},{"key":"transform-template-literals","visitor":{"TaggedTemplateExpression":{"enter":[null]},"TemplateLiteral":{"enter":[null]},"_exploded":true,"_verified":true},"options":{}},{"key":"transform-parameters","visitor":{"_exploded":true,"_verified":true,"FunctionDeclaration":{"enter":[null]},"FunctionExpression":{"enter":[null]},"ObjectMethod":{"enter":[null]},"ArrowFunctionExpression":{"enter":[null]},"ClassMethod":{"enter":[null]},"ClassPrivateMethod":{"enter":[null]}},"options":{}},{"key":"transform-exponentiation-operator","visitor":{"AssignmentExpression":{"enter":[null]},"BinaryExpression":{"enter":[null]},"_exploded":true,"_verified":true},"options":{}}],"presets":[],"generatorOpts":{"filename":"C:\\Users\\andrejs\\Documents\\99_LU\\viziquer\\git\\viziquer-dss\\packages\\ordered-dict\\ordered_dict.js","comments":true,"compact":false,"sourceMaps":true,"sourceFileName":"packages/ordered-dict/ordered_dict.js"}},"code":"module.export({\n  OrderedDict: () => OrderedDict\n});\n\n// This file defines an ordered dictionary abstraction that is useful for\n// maintaining a dataset backed by observeChanges.  It supports ordering items\n// by specifying the item they now come before.\n// The implementation is a dictionary that contains nodes of a doubly-linked\n// list as its values.\n// constructs a new element struct\n// next and prev are whole elements, not keys.\nfunction element(key, value, next, prev) {\n  return {\n    key: key,\n    value: value,\n    next: next,\n    prev: prev\n  };\n}\n\nclass OrderedDict {\n  constructor() {\n    this._dict = Object.create(null);\n    this._first = null;\n    this._last = null;\n    this._size = 0;\n\n    for (var _len = arguments.length, args = new Array(_len), _key = 0; _key < _len; _key++) {\n      args[_key] = arguments[_key];\n    }\n\n    if (typeof args[0] === 'function') {\n      this._stringify = args.shift();\n    } else {\n      this._stringify = function (x) {\n        return x;\n      };\n    }\n\n    args.forEach(kv => this.putBefore(kv[0], kv[1], null));\n  } // the \"prefix keys with a space\" thing comes from here\n  // https://github.com/documentcloud/underscore/issues/376#issuecomment-2815649\n\n\n  _k(key) {\n    return \" \" + this._stringify(key);\n  }\n\n  empty() {\n    return !this._first;\n  }\n\n  size() {\n    return this._size;\n  }\n\n  _linkEltIn(elt) {\n    if (!elt.next) {\n      elt.prev = this._last;\n      if (this._last) this._last.next = elt;\n      this._last = elt;\n    } else {\n      elt.prev = elt.next.prev;\n      elt.next.prev = elt;\n      if (elt.prev) elt.prev.next = elt;\n    }\n\n    if (this._first === null || this._first === elt.next) this._first = elt;\n  }\n\n  _linkEltOut(elt) {\n    if (elt.next) elt.next.prev = elt.prev;\n    if (elt.prev) elt.prev.next = elt.next;\n    if (elt === this._last) this._last = elt.prev;\n    if (elt === this._first) this._first = elt.next;\n  }\n\n  putBefore(key, item, before) {\n    if (this._dict[this._k(key)]) throw new Error(\"Item \" + key + \" already present in OrderedDict\");\n    var elt = before ? element(key, item, this._dict[this._k(before)]) : element(key, item, null);\n    if (typeof elt.next === \"undefined\") throw new Error(\"could not find item to put this one before\");\n\n    this._linkEltIn(elt);\n\n    this._dict[this._k(key)] = elt;\n    this._size++;\n  }\n\n  append(key, item) {\n    this.putBefore(key, item, null);\n  }\n\n  remove(key) {\n    var elt = this._dict[this._k(key)];\n\n    if (typeof elt === \"undefined\") throw new Error(\"Item \" + key + \" not present in OrderedDict\");\n\n    this._linkEltOut(elt);\n\n    this._size--;\n    delete this._dict[this._k(key)];\n    return elt.value;\n  }\n\n  get(key) {\n    if (this.has(key)) {\n      return this._dict[this._k(key)].value;\n    }\n  }\n\n  has(key) {\n    return Object.prototype.hasOwnProperty.call(this._dict, this._k(key));\n  } // Iterate through the items in this dictionary in order, calling\n  // iter(value, key, index) on each one.\n  // Stops whenever iter returns OrderedDict.BREAK, or after the last element.\n\n\n  forEach(iter) {\n    let context = arguments.length > 1 && arguments[1] !== undefined ? arguments[1] : null;\n    var i = 0;\n    var elt = this._first;\n\n    while (elt !== null) {\n      var b = iter.call(context, elt.value, elt.key, i);\n      if (b === OrderedDict.BREAK) return;\n      elt = elt.next;\n      i++;\n    }\n  }\n\n  first() {\n    if (this.empty()) {\n      return;\n    }\n\n    return this._first.key;\n  }\n\n  firstValue() {\n    if (this.empty()) {\n      return;\n    }\n\n    return this._first.value;\n  }\n\n  last() {\n    if (this.empty()) {\n      return;\n    }\n\n    return this._last.key;\n  }\n\n  lastValue() {\n    if (this.empty()) {\n      return;\n    }\n\n    return this._last.value;\n  }\n\n  prev(key) {\n    if (this.has(key)) {\n      var elt = this._dict[this._k(key)];\n\n      if (elt.prev) return elt.prev.key;\n    }\n\n    return null;\n  }\n\n  next(key) {\n    if (this.has(key)) {\n      var elt = this._dict[this._k(key)];\n\n      if (elt.next) return elt.next.key;\n    }\n\n    return null;\n  }\n\n  moveBefore(key, before) {\n    var elt = this._dict[this._k(key)];\n\n    var eltBefore = before ? this._dict[this._k(before)] : null;\n\n    if (typeof elt === \"undefined\") {\n      throw new Error(\"Item to move is not present\");\n    }\n\n    if (typeof eltBefore === \"undefined\") {\n      throw new Error(\"Could not find element to move this one before\");\n    }\n\n    if (eltBefore === elt.next) // no moving necessary\n      return; // remove from its old place\n\n    this._linkEltOut(elt); // patch into its new place\n\n\n    elt.next = eltBefore;\n\n    this._linkEltIn(elt);\n  } // Linear, sadly.\n\n\n  indexOf(key) {\n    var ret = null;\n    this.forEach((v, k, i) => {\n      if (this._k(k) === this._k(key)) {\n        ret = i;\n        return OrderedDict.BREAK;\n      }\n\n      return;\n    });\n    return ret;\n  }\n\n  _checkRep() {\n    Object.keys(this._dict).forEach(k => {\n      const v = this._dict[k];\n\n      if (v.next === v) {\n        throw new Error(\"Next is a loop\");\n      }\n\n      if (v.prev === v) {\n        throw new Error(\"Prev is a loop\");\n      }\n    });\n  }\n\n}\n\nOrderedDict.BREAK = {\n  \"break\": true\n};","map":{"version":3,"sources":["packages/ordered-dict/ordered_dict.js"],"names":["module","export","OrderedDict","element","key","value","next","prev","constructor","_dict","Object","create","_first","_last","_size","args","_stringify","shift","x","forEach","kv","putBefore","_k","empty","size","_linkEltIn","elt","_linkEltOut","item","before","Error","append","remove","get","has","prototype","hasOwnProperty","call","iter","context","i","b","BREAK","first","firstValue","last","lastValue","moveBefore","eltBefore","indexOf","ret","v","k","_checkRep","keys"],"mappings":"AAAAA,MAAM,CAACC,MAAP,CAAc;AAACC,EAAAA,WAAW,EAAC,MAAIA;AAAjB,CAAd;;AAAA;AACA;AACA;AAEA;AACA;AAEA;AACA;AACA,SAASC,OAAT,CAAiBC,GAAjB,EAAsBC,KAAtB,EAA6BC,IAA7B,EAAmCC,IAAnC,EAAyC;AACvC,SAAO;AACLH,IAAAA,GAAG,EAAEA,GADA;AAELC,IAAAA,KAAK,EAAEA,KAFF;AAGLC,IAAAA,IAAI,EAAEA,IAHD;AAILC,IAAAA,IAAI,EAAEA;AAJD,GAAP;AAMD;;AAEM,MAAML,WAAN,CAAkB;AACvBM,EAAAA,WAAW,GAAU;AACnB,SAAKC,KAAL,GAAaC,MAAM,CAACC,MAAP,CAAc,IAAd,CAAb;AACA,SAAKC,MAAL,GAAc,IAAd;AACA,SAAKC,KAAL,GAAa,IAAb;AACA,SAAKC,KAAL,GAAa,CAAb;;AAJmB,sCAANC,IAAM;AAANA,MAAAA,IAAM;AAAA;;AAMnB,QAAI,OAAOA,IAAI,CAAC,CAAD,CAAX,KAAmB,UAAvB,EAAmC;AACjC,WAAKC,UAAL,GAAkBD,IAAI,CAACE,KAAL,EAAlB;AACD,KAFD,MAEO;AACL,WAAKD,UAAL,GAAkB,UAAUE,CAAV,EAAa;AAAE,eAAOA,CAAP;AAAW,OAA5C;AACD;;AAEDH,IAAAA,IAAI,CAACI,OAAL,CAAaC,EAAE,IAAI,KAAKC,SAAL,CAAeD,EAAE,CAAC,CAAD,CAAjB,EAAsBA,EAAE,CAAC,CAAD,CAAxB,EAA6B,IAA7B,CAAnB;AACD,GAdsB,CAgBvB;AACA;;;AACAE,EAAAA,EAAE,CAAClB,GAAD,EAAM;AACN,WAAO,MAAM,KAAKY,UAAL,CAAgBZ,GAAhB,CAAb;AACD;;AAEDmB,EAAAA,KAAK,GAAG;AACN,WAAO,CAAC,KAAKX,MAAb;AACD;;AAEDY,EAAAA,IAAI,GAAG;AACL,WAAO,KAAKV,KAAZ;AACD;;AAEDW,EAAAA,UAAU,CAACC,GAAD,EAAM;AACd,QAAI,CAACA,GAAG,CAACpB,IAAT,EAAe;AACboB,MAAAA,GAAG,CAACnB,IAAJ,GAAW,KAAKM,KAAhB;AACA,UAAI,KAAKA,KAAT,EACE,KAAKA,KAAL,CAAWP,IAAX,GAAkBoB,GAAlB;AACF,WAAKb,KAAL,GAAaa,GAAb;AACD,KALD,MAKO;AACLA,MAAAA,GAAG,CAACnB,IAAJ,GAAWmB,GAAG,CAACpB,IAAJ,CAASC,IAApB;AACAmB,MAAAA,GAAG,CAACpB,IAAJ,CAASC,IAAT,GAAgBmB,GAAhB;AACA,UAAIA,GAAG,CAACnB,IAAR,EACEmB,GAAG,CAACnB,IAAJ,CAASD,IAAT,GAAgBoB,GAAhB;AACH;;AACD,QAAI,KAAKd,MAAL,KAAgB,IAAhB,IAAwB,KAAKA,MAAL,KAAgBc,GAAG,CAACpB,IAAhD,EACE,KAAKM,MAAL,GAAcc,GAAd;AACH;;AAEDC,EAAAA,WAAW,CAACD,GAAD,EAAM;AACf,QAAIA,GAAG,CAACpB,IAAR,EACEoB,GAAG,CAACpB,IAAJ,CAASC,IAAT,GAAgBmB,GAAG,CAACnB,IAApB;AACF,QAAImB,GAAG,CAACnB,IAAR,EACEmB,GAAG,CAACnB,IAAJ,CAASD,IAAT,GAAgBoB,GAAG,CAACpB,IAApB;AACF,QAAIoB,GAAG,KAAK,KAAKb,KAAjB,EACE,KAAKA,KAAL,GAAaa,GAAG,CAACnB,IAAjB;AACF,QAAImB,GAAG,KAAK,KAAKd,MAAjB,EACE,KAAKA,MAAL,GAAcc,GAAG,CAACpB,IAAlB;AACH;;AAEDe,EAAAA,SAAS,CAACjB,GAAD,EAAMwB,IAAN,EAAYC,MAAZ,EAAoB;AAC3B,QAAI,KAAKpB,KAAL,CAAW,KAAKa,EAAL,CAAQlB,GAAR,CAAX,CAAJ,EACE,MAAM,IAAI0B,KAAJ,CAAU,UAAU1B,GAAV,GAAgB,iCAA1B,CAAN;AACF,QAAIsB,GAAG,GAAGG,MAAM,GACd1B,OAAO,CAACC,GAAD,EAAMwB,IAAN,EAAY,KAAKnB,KAAL,CAAW,KAAKa,EAAL,CAAQO,MAAR,CAAX,CAAZ,CADO,GAEd1B,OAAO,CAACC,GAAD,EAAMwB,IAAN,EAAY,IAAZ,CAFT;AAGA,QAAI,OAAOF,GAAG,CAACpB,IAAX,KAAoB,WAAxB,EACE,MAAM,IAAIwB,KAAJ,CAAU,4CAAV,CAAN;;AACF,SAAKL,UAAL,CAAgBC,GAAhB;;AACA,SAAKjB,KAAL,CAAW,KAAKa,EAAL,CAAQlB,GAAR,CAAX,IAA2BsB,GAA3B;AACA,SAAKZ,KAAL;AACD;;AAEDiB,EAAAA,MAAM,CAAC3B,GAAD,EAAMwB,IAAN,EAAY;AAChB,SAAKP,SAAL,CAAejB,GAAf,EAAoBwB,IAApB,EAA0B,IAA1B;AACD;;AAEDI,EAAAA,MAAM,CAAC5B,GAAD,EAAM;AACV,QAAIsB,GAAG,GAAG,KAAKjB,KAAL,CAAW,KAAKa,EAAL,CAAQlB,GAAR,CAAX,CAAV;;AACA,QAAI,OAAOsB,GAAP,KAAe,WAAnB,EACE,MAAM,IAAII,KAAJ,CAAU,UAAU1B,GAAV,GAAgB,6BAA1B,CAAN;;AACF,SAAKuB,WAAL,CAAiBD,GAAjB;;AACA,SAAKZ,KAAL;AACA,WAAO,KAAKL,KAAL,CAAW,KAAKa,EAAL,CAAQlB,GAAR,CAAX,CAAP;AACA,WAAOsB,GAAG,CAACrB,KAAX;AACD;;AAED4B,EAAAA,GAAG,CAAC7B,GAAD,EAAM;AACP,QAAI,KAAK8B,GAAL,CAAS9B,GAAT,CAAJ,EAAmB;AACjB,aAAO,KAAKK,KAAL,CAAW,KAAKa,EAAL,CAAQlB,GAAR,CAAX,EAAyBC,KAAhC;AACD;AACF;;AAED6B,EAAAA,GAAG,CAAC9B,GAAD,EAAM;AACP,WAAOM,MAAM,CAACyB,SAAP,CAAiBC,cAAjB,CAAgCC,IAAhC,CACL,KAAK5B,KADA,EAEL,KAAKa,EAAL,CAAQlB,GAAR,CAFK,CAAP;AAID,GA/FsB,CAiGvB;AACA;AAEA;;;AACAe,EAAAA,OAAO,CAACmB,IAAD,EAAuB;AAAA,QAAhBC,OAAgB,uEAAN,IAAM;AAC5B,QAAIC,CAAC,GAAG,CAAR;AACA,QAAId,GAAG,GAAG,KAAKd,MAAf;;AACA,WAAOc,GAAG,KAAK,IAAf,EAAqB;AACnB,UAAIe,CAAC,GAAGH,IAAI,CAACD,IAAL,CAAUE,OAAV,EAAmBb,GAAG,CAACrB,KAAvB,EAA8BqB,GAAG,CAACtB,GAAlC,EAAuCoC,CAAvC,CAAR;AACA,UAAIC,CAAC,KAAKvC,WAAW,CAACwC,KAAtB,EAA6B;AAC7BhB,MAAAA,GAAG,GAAGA,GAAG,CAACpB,IAAV;AACAkC,MAAAA,CAAC;AACF;AACF;;AAEDG,EAAAA,KAAK,GAAG;AACN,QAAI,KAAKpB,KAAL,EAAJ,EAAkB;AAChB;AACD;;AACD,WAAO,KAAKX,MAAL,CAAYR,GAAnB;AACD;;AAEDwC,EAAAA,UAAU,GAAG;AACX,QAAI,KAAKrB,KAAL,EAAJ,EAAkB;AAChB;AACD;;AACD,WAAO,KAAKX,MAAL,CAAYP,KAAnB;AACD;;AAEDwC,EAAAA,IAAI,GAAG;AACL,QAAI,KAAKtB,KAAL,EAAJ,EAAkB;AAChB;AACD;;AACD,WAAO,KAAKV,KAAL,CAAWT,GAAlB;AACD;;AAED0C,EAAAA,SAAS,GAAG;AACV,QAAI,KAAKvB,KAAL,EAAJ,EAAkB;AAChB;AACD;;AACD,WAAO,KAAKV,KAAL,CAAWR,KAAlB;AACD;;AAEDE,EAAAA,IAAI,CAACH,GAAD,EAAM;AACR,QAAI,KAAK8B,GAAL,CAAS9B,GAAT,CAAJ,EAAmB;AACjB,UAAIsB,GAAG,GAAG,KAAKjB,KAAL,CAAW,KAAKa,EAAL,CAAQlB,GAAR,CAAX,CAAV;;AACA,UAAIsB,GAAG,CAACnB,IAAR,EACE,OAAOmB,GAAG,CAACnB,IAAJ,CAASH,GAAhB;AACH;;AACD,WAAO,IAAP;AACD;;AAEDE,EAAAA,IAAI,CAACF,GAAD,EAAM;AACR,QAAI,KAAK8B,GAAL,CAAS9B,GAAT,CAAJ,EAAmB;AACjB,UAAIsB,GAAG,GAAG,KAAKjB,KAAL,CAAW,KAAKa,EAAL,CAAQlB,GAAR,CAAX,CAAV;;AACA,UAAIsB,GAAG,CAACpB,IAAR,EACE,OAAOoB,GAAG,CAACpB,IAAJ,CAASF,GAAhB;AACH;;AACD,WAAO,IAAP;AACD;;AAED2C,EAAAA,UAAU,CAAC3C,GAAD,EAAMyB,MAAN,EAAc;AACtB,QAAIH,GAAG,GAAG,KAAKjB,KAAL,CAAW,KAAKa,EAAL,CAAQlB,GAAR,CAAX,CAAV;;AACA,QAAI4C,SAAS,GAAGnB,MAAM,GAAG,KAAKpB,KAAL,CAAW,KAAKa,EAAL,CAAQO,MAAR,CAAX,CAAH,GAAiC,IAAvD;;AACA,QAAI,OAAOH,GAAP,KAAe,WAAnB,EAAgC;AAC9B,YAAM,IAAII,KAAJ,CAAU,6BAAV,CAAN;AACD;;AACD,QAAI,OAAOkB,SAAP,KAAqB,WAAzB,EAAsC;AACpC,YAAM,IAAIlB,KAAJ,CAAU,gDAAV,CAAN;AACD;;AACD,QAAIkB,SAAS,KAAKtB,GAAG,CAACpB,IAAtB,EAA4B;AAC1B,aAVoB,CAWtB;;AACA,SAAKqB,WAAL,CAAiBD,GAAjB,EAZsB,CAatB;;;AACAA,IAAAA,GAAG,CAACpB,IAAJ,GAAW0C,SAAX;;AACA,SAAKvB,UAAL,CAAgBC,GAAhB;AACD,GA9KsB,CAgLvB;;;AACAuB,EAAAA,OAAO,CAAC7C,GAAD,EAAM;AACX,QAAI8C,GAAG,GAAG,IAAV;AACA,SAAK/B,OAAL,CAAa,CAACgC,CAAD,EAAIC,CAAJ,EAAOZ,CAAP,KAAa;AACxB,UAAI,KAAKlB,EAAL,CAAQ8B,CAAR,MAAe,KAAK9B,EAAL,CAAQlB,GAAR,CAAnB,EAAiC;AAC/B8C,QAAAA,GAAG,GAAGV,CAAN;AACA,eAAOtC,WAAW,CAACwC,KAAnB;AACD;;AACD;AACD,KAND;AAOA,WAAOQ,GAAP;AACD;;AAEDG,EAAAA,SAAS,GAAG;AACV3C,IAAAA,MAAM,CAAC4C,IAAP,CAAY,KAAK7C,KAAjB,EAAwBU,OAAxB,CAAgCiC,CAAC,IAAI;AACnC,YAAMD,CAAC,GAAG,KAAK1C,KAAL,CAAW2C,CAAX,CAAV;;AACA,UAAID,CAAC,CAAC7C,IAAF,KAAW6C,CAAf,EAAkB;AAChB,cAAM,IAAIrB,KAAJ,CAAU,gBAAV,CAAN;AACD;;AACD,UAAIqB,CAAC,CAAC5C,IAAF,KAAW4C,CAAf,EAAkB;AAChB,cAAM,IAAIrB,KAAJ,CAAU,gBAAV,CAAN;AACD;AACF,KARD;AASD;;AAvMsB;;AA0MzB5B,WAAW,CAACwC,KAAZ,GAAoB;AAAC,WAAS;AAAV,CAApB","sourcesContent":["// This file defines an ordered dictionary abstraction that is useful for\n// maintaining a dataset backed by observeChanges.  It supports ordering items\n// by specifying the item they now come before.\n\n// The implementation is a dictionary that contains nodes of a doubly-linked\n// list as its values.\n\n// constructs a new element struct\n// next and prev are whole elements, not keys.\nfunction element(key, value, next, prev) {\n  return {\n    key: key,\n    value: value,\n    next: next,\n    prev: prev\n  };\n}\n\nexport class OrderedDict {\n  constructor(...args) {\n    this._dict = Object.create(null);\n    this._first = null;\n    this._last = null;\n    this._size = 0;\n\n    if (typeof args[0] === 'function') {\n      this._stringify = args.shift();\n    } else {\n      this._stringify = function (x) { return x; };\n    }\n\n    args.forEach(kv => this.putBefore(kv[0], kv[1], null));\n  }\n\n  // the \"prefix keys with a space\" thing comes from here\n  // https://github.com/documentcloud/underscore/issues/376#issuecomment-2815649\n  _k(key) {\n    return \" \" + this._stringify(key);\n  }\n\n  empty() {\n    return !this._first;\n  }\n\n  size() {\n    return this._size;\n  }\n\n  _linkEltIn(elt) {\n    if (!elt.next) {\n      elt.prev = this._last;\n      if (this._last)\n        this._last.next = elt;\n      this._last = elt;\n    } else {\n      elt.prev = elt.next.prev;\n      elt.next.prev = elt;\n      if (elt.prev)\n        elt.prev.next = elt;\n    }\n    if (this._first === null || this._first === elt.next)\n      this._first = elt;\n  }\n\n  _linkEltOut(elt) {\n    if (elt.next)\n      elt.next.prev = elt.prev;\n    if (elt.prev)\n      elt.prev.next = elt.next;\n    if (elt === this._last)\n      this._last = elt.prev;\n    if (elt === this._first)\n      this._first = elt.next;\n  }\n\n  putBefore(key, item, before) {\n    if (this._dict[this._k(key)])\n      throw new Error(\"Item \" + key + \" already present in OrderedDict\");\n    var elt = before ?\n      element(key, item, this._dict[this._k(before)]) :\n      element(key, item, null);\n    if (typeof elt.next === \"undefined\")\n      throw new Error(\"could not find item to put this one before\");\n    this._linkEltIn(elt);\n    this._dict[this._k(key)] = elt;\n    this._size++;\n  }\n\n  append(key, item) {\n    this.putBefore(key, item, null);\n  }\n\n  remove(key) {\n    var elt = this._dict[this._k(key)];\n    if (typeof elt === \"undefined\")\n      throw new Error(\"Item \" + key + \" not present in OrderedDict\");\n    this._linkEltOut(elt);\n    this._size--;\n    delete this._dict[this._k(key)];\n    return elt.value;\n  }\n\n  get(key) {\n    if (this.has(key)) {\n      return this._dict[this._k(key)].value;\n    }\n  }\n\n  has(key) {\n    return Object.prototype.hasOwnProperty.call(\n      this._dict,\n      this._k(key)\n    );\n  }\n\n  // Iterate through the items in this dictionary in order, calling\n  // iter(value, key, index) on each one.\n\n  // Stops whenever iter returns OrderedDict.BREAK, or after the last element.\n  forEach(iter, context = null) {\n    var i = 0;\n    var elt = this._first;\n    while (elt !== null) {\n      var b = iter.call(context, elt.value, elt.key, i);\n      if (b === OrderedDict.BREAK) return;\n      elt = elt.next;\n      i++;\n    }\n  }\n\n  first() {\n    if (this.empty()) {\n      return;\n    }\n    return this._first.key;\n  }\n\n  firstValue() {\n    if (this.empty()) {\n      return;\n    }\n    return this._first.value;\n  }\n\n  last() {\n    if (this.empty()) {\n      return;\n    }\n    return this._last.key;\n  }\n\n  lastValue() {\n    if (this.empty()) {\n      return;\n    }\n    return this._last.value;\n  }\n\n  prev(key) {\n    if (this.has(key)) {\n      var elt = this._dict[this._k(key)];\n      if (elt.prev)\n        return elt.prev.key;\n    }\n    return null;\n  }\n\n  next(key) {\n    if (this.has(key)) {\n      var elt = this._dict[this._k(key)];\n      if (elt.next)\n        return elt.next.key;\n    }\n    return null;\n  }\n\n  moveBefore(key, before) {\n    var elt = this._dict[this._k(key)];\n    var eltBefore = before ? this._dict[this._k(before)] : null;\n    if (typeof elt === \"undefined\") {\n      throw new Error(\"Item to move is not present\");\n    }\n    if (typeof eltBefore === \"undefined\") {\n      throw new Error(\"Could not find element to move this one before\");\n    }\n    if (eltBefore === elt.next) // no moving necessary\n      return;\n    // remove from its old place\n    this._linkEltOut(elt);\n    // patch into its new place\n    elt.next = eltBefore;\n    this._linkEltIn(elt);\n  }\n\n  // Linear, sadly.\n  indexOf(key) {\n    var ret = null;\n    this.forEach((v, k, i) => {\n      if (this._k(k) === this._k(key)) {\n        ret = i;\n        return OrderedDict.BREAK;\n      }\n      return;\n    });\n    return ret;\n  }\n\n  _checkRep() {\n    Object.keys(this._dict).forEach(k => {\n      const v = this._dict[k];\n      if (v.next === v) {\n        throw new Error(\"Next is a loop\");\n      }\n      if (v.prev === v) {\n        throw new Error(\"Prev is a loop\");\n      }\n    });\n  }\n}\n\nOrderedDict.BREAK = {\"break\": true};\n"]},"sourceType":"module","hash":"8d71d6ad771d0c3585862b881460f79bd36ca0b2"}
